daily_deaths1,daily_deaths2,daily_deaths3,daily_deaths4,daily_deaths5,daily_deaths6,daily_deaths7,daily_deaths8,daily_deaths9,daily_deaths10,daily_deaths11,daily_deaths12,daily_deaths13,daily_deaths14,daily_deaths15,daily_deaths16,daily_deaths17,daily_deaths18,daily_deaths19,daily_deaths20,daily_deaths21,daily_deaths22,daily_deaths23,daily_deaths24,daily_deaths25,daily_deaths26,daily_deaths27,daily_deaths28,daily_deaths29,daily_deaths30,daily_deaths31,daily_deaths32,daily_deaths33,daily_deaths34,daily_deaths35,daily_deaths36,daily_deaths37,daily_deaths38,daily_deaths39,daily_deaths40,daily_deaths41,daily_deaths42,daily_deaths43,daily_deaths44,daily_deaths45,daily_deaths46,daily_deaths47,daily_deaths48,daily_deaths49,daily_deaths50,daily_deaths51,daily_deaths52,daily_deaths53,daily_deaths54,daily_deaths55,daily_deaths56,daily_deaths57,daily_deaths58,daily_deaths59,daily_deaths60,daily_deaths61,daily_deaths62,daily_deaths63,daily_deaths64,daily_deaths65,daily_deaths66,daily_deaths67,daily_deaths68,daily_deaths69,daily_deaths70,daily_deaths71,daily_deaths72,daily_deaths73,daily_deaths74,daily_deaths75,daily_deaths76,daily_deaths77,daily_deaths78,daily_deaths79,daily_deaths80,daily_deaths81,daily_deaths82,daily_deaths83,daily_deaths84,daily_deaths85,daily_deaths86,daily_deaths87,daily_deaths88,daily_deaths89,daily_deaths90,daily_deaths91,daily_deaths92,daily_deaths93,daily_deaths94,daily_deaths95,daily_deaths96,daily_deaths97,daily_deaths98,daily_deaths99,daily_deaths100,daily_deaths101,daily_deaths102,daily_deaths103,daily_deaths104,daily_deaths105,daily_deaths106,daily_deaths107,daily_deaths108,daily_deaths109,daily_deaths110,daily_deaths111,daily_deaths112,daily_deaths113,daily_deaths114,daily_deaths115,daily_deaths116,daily_deaths117,daily_deaths118,daily_deaths119,daily_deaths120,daily_deaths121,daily_deaths122,daily_deaths123,daily_deaths124,daily_deaths125,daily_deaths126,daily_deaths127,daily_deaths128,daily_deaths129,daily_deaths130,daily_deaths131,daily_deaths132,daily_deaths133,daily_deaths134,daily_deaths135,daily_deaths136,daily_deaths137,daily_deaths138,daily_deaths139,daily_deaths140,daily_deaths141,daily_deaths142,daily_deaths143,daily_deaths144,daily_deaths145,daily_deaths146,daily_deaths147,daily_deaths148,daily_deaths149,daily_deaths150,daily_deaths151,daily_deaths152,daily_deaths153,daily_deaths154,daily_deaths155,daily_deaths156,daily_deaths157,daily_deaths158,daily_deaths159,daily_deaths160,daily_deaths161,daily_deaths162,daily_deaths163,daily_deaths164,daily_deaths165,daily_deaths166,daily_deaths167,daily_deaths168,daily_deaths169,daily_deaths170,daily_deaths171,daily_deaths172,daily_deaths173,daily_deaths174,daily_deaths175,daily_deaths176,daily_deaths177,daily_deaths178,daily_deaths179,daily_deaths180,daily_deaths181,daily_deaths182,daily_deaths183,daily_deaths184,daily_deaths185,daily_deaths186,daily_deaths187,daily_deaths188,daily_deaths189,daily_deaths190,daily_deaths191,daily_deaths192,daily_deaths193,daily_deaths194,daily_deaths195,daily_deaths196,daily_deaths197,daily_deaths198,daily_deaths199,daily_deaths200,daily_deaths201,daily_deaths202,daily_deaths203,daily_deaths204,daily_deaths205,daily_deaths206,daily_deaths207,daily_deaths208,daily_deaths209,daily_deaths210,daily_deaths211,daily_deaths212,daily_deaths213,daily_deaths214,daily_deaths215,daily_deaths216,daily_deaths217,daily_deaths218,daily_deaths219,daily_deaths220,daily_deaths221,daily_deaths222,daily_deaths223,daily_deaths224,daily_deaths225,daily_deaths226,daily_deaths227,daily_deaths228,daily_deaths229,daily_deaths230,daily_deaths231,daily_deaths232,daily_deaths233,daily_deaths234,daily_deaths235,daily_deaths236,daily_deaths237,daily_deaths238,daily_deaths239,daily_deaths240,daily_deaths241,daily_deaths242,daily_deaths243,daily_deaths244,daily_deaths245,daily_deaths246,daily_deaths247,daily_deaths248,daily_deaths249,daily_deaths250,daily_deaths251,daily_deaths252,daily_deaths253,daily_deaths254,daily_deaths255,daily_deaths256,daily_deaths257,daily_deaths258,daily_deaths259,daily_deaths260,daily_deaths261,daily_deaths262,daily_deaths263,daily_deaths264,daily_deaths265,daily_deaths266,daily_deaths267,daily_deaths268,daily_deaths269,daily_deaths270,daily_deaths271,daily_deaths272,daily_deaths273,daily_deaths274,daily_deaths275,daily_deaths276,daily_deaths277,daily_deaths278,daily_deaths279,daily_deaths280,daily_deaths281,daily_deaths282,daily_deaths283,daily_deaths284,daily_deaths285,daily_deaths286,daily_deaths287,daily_deaths288,daily_deaths289,daily_deaths290,daily_deaths291,daily_deaths292,daily_deaths293,daily_deaths294,daily_deaths295,daily_deaths296,daily_deaths297,daily_deaths298,daily_deaths299,daily_deaths300,daily_deaths301,daily_deaths302,daily_deaths303,daily_deaths304,daily_deaths305,daily_deaths306,daily_deaths307,daily_deaths308,daily_deaths309,daily_deaths310,daily_deaths311,daily_deaths312,daily_deaths313,daily_deaths314,daily_deaths315,daily_deaths316,daily_deaths317,daily_deaths318,daily_deaths319,daily_deaths320,daily_deaths321,daily_deaths322,daily_deaths323,daily_deaths324,daily_deaths325,daily_deaths326,daily_deaths327,daily_deaths328,daily_deaths329,daily_deaths330,daily_deaths331,daily_deaths332,daily_deaths333,daily_deaths334,daily_deaths335,daily_deaths336,daily_deaths337,daily_deaths338,daily_deaths339,daily_deaths340,daily_deaths341,daily_deaths342,daily_deaths343,daily_deaths344,daily_deaths345,daily_deaths346,daily_deaths347,daily_deaths348,daily_deaths349,daily_deaths350,daily_deaths351,daily_deaths352,daily_deaths353,daily_deaths354,daily_deaths355,daily_deaths356,daily_deaths357,daily_deaths358,daily_deaths359,daily_deaths360,daily_deaths361,daily_deaths362,daily_deaths363,daily_deaths364,daily_deaths365,daily_deaths366,daily_deaths367,daily_deaths368,daily_deaths369,daily_deaths370,daily_deaths371,daily_deaths372,daily_deaths373,daily_deaths374,daily_deaths375,daily_deaths376,daily_deaths377,daily_deaths378,daily_deaths379,daily_deaths380,daily_deaths381,daily_deaths382,daily_deaths383,daily_deaths384,daily_deaths385,daily_deaths386,daily_deaths387,daily_deaths388,daily_deaths389,daily_deaths390,daily_deaths391,daily_deaths392,daily_deaths393,daily_deaths394,daily_deaths395,daily_deaths396,daily_deaths397,daily_deaths398,daily_deaths399,daily_deaths400,daily_deaths401,daily_deaths402,daily_deaths403,daily_deaths404,daily_deaths405,daily_deaths406,daily_deaths407,daily_deaths408,daily_deaths409,daily_deaths410,daily_deaths411,daily_deaths412,daily_deaths413,daily_deaths414,daily_deaths415,daily_deaths416,daily_deaths417,daily_deaths418,daily_deaths419,daily_deaths420,daily_deaths421,daily_deaths422,daily_deaths423,daily_deaths424,daily_deaths425,daily_deaths426,daily_deaths427,daily_deaths428,daily_deaths429,daily_deaths430,daily_deaths431,daily_deaths432,daily_deaths433,daily_deaths434,daily_deaths435,daily_deaths436,daily_deaths437,daily_deaths438,daily_deaths439,daily_deaths440,daily_deaths441,daily_deaths442,daily_deaths443,daily_deaths444,daily_deaths445,daily_deaths446,daily_deaths447,daily_deaths448,daily_deaths449,daily_deaths450,daily_deaths451,daily_deaths452,daily_deaths453,daily_deaths454,daily_deaths455,daily_deaths456,daily_deaths457,daily_deaths458,daily_deaths459,daily_deaths460,daily_deaths461,daily_deaths462,daily_deaths463,daily_deaths464,daily_deaths465,daily_deaths466,daily_deaths467,daily_deaths468,daily_deaths469,daily_deaths470,daily_deaths471,daily_deaths472,daily_deaths473,daily_deaths474,daily_deaths475,daily_deaths476,daily_deaths477,daily_deaths478,daily_deaths479,daily_deaths480,daily_deaths481,daily_deaths482,daily_deaths483,daily_deaths484,daily_deaths485,daily_deaths486,daily_deaths487,daily_deaths488,daily_deaths489,daily_deaths490,daily_deaths491,daily_deaths492,daily_deaths493,daily_deaths494,daily_deaths495,daily_deaths496,daily_deaths497,daily_deaths498,daily_deaths499,daily_deaths500,daily_deaths501,daily_deaths502,daily_deaths503,daily_deaths504,daily_deaths505,daily_deaths506,daily_deaths507,daily_deaths508,daily_deaths509,daily_deaths510,daily_deaths511,daily_deaths512,daily_deaths513,daily_deaths514,daily_deaths515,daily_deaths516,daily_deaths517,daily_deaths518,daily_deaths519,daily_deaths520,daily_deaths521,daily_deaths522,daily_deaths523,daily_deaths524,daily_deaths525,daily_deaths526,daily_deaths527,daily_deaths528,daily_deaths529,daily_deaths530,daily_deaths531,daily_deaths532,daily_deaths533,daily_deaths534,daily_deaths535,daily_deaths536,daily_deaths537,daily_deaths538,daily_deaths539,daily_deaths540,daily_deaths541,daily_deaths542,daily_deaths543,daily_deaths544,daily_deaths545,daily_deaths546,daily_deaths547,daily_deaths548,daily_deaths549,daily_deaths550,daily_deaths551,daily_deaths552,daily_deaths553,daily_deaths554,daily_deaths555,daily_deaths556,daily_deaths557,daily_deaths558,daily_deaths559,daily_deaths560,daily_deaths561,daily_deaths562,daily_deaths563,daily_deaths564,daily_deaths565,daily_deaths566,daily_deaths567,daily_deaths568,daily_deaths569,daily_deaths570,daily_deaths571,daily_deaths572,daily_deaths573,daily_deaths574,daily_deaths575,daily_deaths576,daily_deaths577,daily_deaths578,daily_deaths579,daily_deaths580,daily_deaths581,daily_deaths582,daily_deaths583,daily_deaths584,daily_deaths585,daily_deaths586,daily_deaths587,daily_deaths588,daily_deaths589,daily_deaths590,daily_deaths591,daily_deaths592,daily_deaths593,daily_deaths594,daily_deaths595,daily_deaths596,daily_deaths597,daily_deaths598,daily_deaths599,daily_deaths600,daily_deaths601,daily_deaths602,daily_deaths603,daily_deaths604,daily_deaths605,daily_deaths606,daily_deaths607,daily_deaths608,daily_deaths609,daily_deaths610,daily_deaths611,daily_deaths612,daily_deaths613,daily_deaths614,daily_deaths615,daily_deaths616,daily_deaths617,daily_deaths618,daily_deaths619,daily_deaths620,daily_deaths621,daily_deaths622,daily_deaths623,daily_deaths624,daily_deaths625,daily_deaths626,daily_deaths627,daily_deaths628,daily_deaths629,daily_deaths630,daily_deaths631,daily_deaths632,daily_deaths633,daily_deaths634,daily_deaths635,daily_deaths636,daily_deaths637,daily_deaths638,daily_deaths639,daily_deaths640,daily_deaths641,daily_deaths642,daily_deaths643,daily_deaths644,daily_deaths645,daily_deaths646,daily_deaths647,daily_deaths648,daily_deaths649,daily_deaths650,daily_deaths651,daily_deaths652,daily_deaths653,daily_deaths654,daily_deaths655,daily_deaths656,daily_deaths657,daily_deaths658,daily_deaths659,daily_deaths660,daily_deaths661,daily_deaths662,daily_deaths663,daily_deaths664,daily_deaths665,daily_deaths666,daily_deaths667,daily_deaths668,daily_deaths669,daily_deaths670,daily_deaths671,daily_deaths672,daily_deaths673,daily_deaths674,daily_deaths675,daily_deaths676,daily_deaths677,daily_deaths678,daily_deaths679,daily_deaths680,daily_deaths681,daily_deaths682,daily_deaths683,daily_deaths684,daily_deaths685,daily_deaths686,daily_deaths687,daily_deaths688,daily_deaths689,daily_deaths690,daily_deaths691,daily_deaths692,daily_deaths693,daily_deaths694,daily_deaths695,daily_deaths696,daily_deaths697,daily_deaths698,daily_deaths699,daily_deaths700,daily_deaths701,daily_deaths702,daily_deaths703,daily_deaths704,daily_deaths705,daily_deaths706,daily_deaths707,daily_deaths708,daily_deaths709,daily_deaths710,daily_deaths711,daily_deaths712,daily_deaths713,daily_deaths714,daily_deaths715,daily_deaths716,daily_deaths717,daily_deaths718,daily_deaths719,daily_deaths720,daily_deaths721,daily_deaths722,daily_deaths723,daily_deaths724,daily_deaths725,daily_deaths726,daily_deaths727,daily_deaths728,daily_deaths729,daily_deaths730,daily_deaths731,daily_deaths732,daily_deaths733,daily_deaths734,daily_deaths735,daily_deaths736,daily_deaths737,daily_deaths738,daily_deaths739,daily_deaths740,daily_deaths741,daily_deaths742,daily_deaths743,daily_deaths744,daily_deaths745,daily_deaths746,daily_deaths747,daily_deaths748,daily_deaths749,daily_deaths750,daily_deaths751,daily_deaths752,daily_deaths753,daily_deaths754,daily_deaths755,daily_deaths756,daily_deaths757,daily_deaths758,daily_deaths759,daily_deaths760,daily_deaths761,daily_deaths762,daily_deaths763,daily_deaths764,daily_deaths765,daily_deaths766,daily_deaths767,daily_deaths768,daily_deaths769,daily_deaths770,daily_deaths771,daily_deaths772,daily_deaths773,daily_deaths774,daily_deaths775,daily_deaths776,daily_deaths777,daily_deaths778,daily_deaths779,daily_deaths780,daily_deaths781,daily_deaths782,daily_deaths783,daily_deaths784,daily_deaths785,daily_deaths786,daily_deaths787,daily_deaths788,daily_deaths789,daily_deaths790,daily_deaths791,daily_deaths792,daily_deaths793,daily_deaths794,daily_deaths795,daily_deaths796,daily_deaths797,daily_deaths798,daily_deaths799,daily_deaths800
0,0,0,0,0,0,0,0,0,0,0,0,0,0,0,0,0,0,0,0,0,0,0,0,0,0,0,0,0,0,0,0,0,0,0,0,0,0,0,0,0,0,0,0,0,0,0,0,0,0,0,0,0,0,0,0,0,0,0,0,0,0,0,0,0,0,0,0,0,0,0,0,0,0,0,0,0,0,0,0,0,0,0,0,0,0,0,0,0,0,0,0,0,0,0,0,0,0,0,0,0,0,0,0,0,0,0,0,0,0,0,0,0,0,0,0,0,0,0,0,0,0,0,0,0,0,0,0,0,0,0,0,0,0,0,0,0,0,0,0,0,0,0,0,0,0,0,0,0,0,0,0,0,0,0,0,0,0,0,0,0,0,0,0,0,0,0,0,0,0,0,0,0,0,0,0,0,0,0,0,0,0,0,0,0,0,0,0,0,0,0,0,0,0,0,0,0,0,0,0,0,0,0,0,0,0,0,0,0,0,0,0,0,0,0,0,0,0,0,0,0,0,0,0,0,0,0,0,0,0,0,0,0,0,0,0,0,0,0,0,0,0,0,0,0,0,0,0,0,0,0,0,0,0,0,0,0,0,0,0,0,0,0,0,0,0,0,0,0,0,0,0,0,0,0,0,0,0,0,0,0,0,0,0,0,0,0,0,0,0,0,0,0,0,0,0,0,0,0,0,0,0,0,0,0,0,0,0,0,0,0,0,0,0,0,0,0,0,0,0,0,0,0,0,0,0,0,0,0,0,0,0,2,0,0,0,0,0,0,0,0,0,0,0,0,0,0,0,0,0,0,0,1,0,0,0,0,0,0,0,1,0,0,0,0,0,0,2,0,0,0,0,0,0,0,0,0,0,1,0,1,0,2,0,2,0,1,0,2,2,0,3,1,0,0,2,2,0,1,4,0,1,0,1,3,2,0,0,6,0,5,0,2,3,3,5,7,5,2,3,1,2,2,2,2,6,7,10,6,10,5,6,7,6,4,8,5,2,3,9,5,7,5,8,7,10,9,13,15,10,8,8,12,13,12,15,12,16,14,17,10,13,18,13,13,10,20,14,15,18,24,13,20,20,24,17,15,23,21,24,24,20,21,22,30,23,27,30,31,25,27,37,33,26,34,31,26,34,31,26,46,40,35,33,46,27,44,24,43,46,33,48,34,34,38,48,47,61,35,50,41,60,44,50,45,49,55,58,57,54,68,47,54,65,54,60,64,53,62,66,80,60,57,68,75,76,64,77,65,75,61,74,70,79,72,79,73,87,81,88,86,90,76,88,100,97,95,110,119,94,98,120,93,103,113,113,114,124,107,135,119,119,122,121,112,137,127,158,152,133,134,130,158,158,160,164,156,149,165,165,163,147,182,157,181,205,161,160,168,185,193,191,173,194,178,209,181,208,185,177,214,195,192,210,188,195,182,211,177,204,197,202,192,213,177,221,195,217,176,198,233,185,194,224,198,208,177,201,181,190,208,207,207,184,176,179,176,157,204,191,191,221,185,181,172,196,188,174,169,158,173,198,187,152,169,173,155,156,160,177,169,180,172,154,191,150,161,166,186,163,156,173,119,150,140,141,139,156,144,156,138,144,133,145,130,136,131,129,122,142,122,123,96,147,117,134,128,108,137,110,116,129,116,101,96,87,103,88,106,115,122,111,100,104,103,118,109,128,98,82,110,97,95,111,103,109,94,106,106,117,76,117,101,86,120,93,95,85,97,78,82,110,90,102,102,88,74,100,104,116,83,73,118,102,102,116,109,109,91,106,103,98,90,94,88,105,109,103,109,93,108,99,116,98,100,123,119,90,88,112
0,0,0,0,0,0,0,0,0,0,0,0,0,0,0,0,0,0,0,0,0,0,0,0,0,0,0,0,0,0,0,0,0,0,0,0,0,0,0,0,0,0,0,0,0,0,0,0,0,0,0,0,0,0,0,0,0,0,0,0,0,0,0,0,0,0,0,0,0,0,0,0,0,0,0,0,0,0,0,0,0,0,0,0,0,0,0,0,0,0,0,0,0,0,0,0,0,0,0,0,0,0,0,0,0,0,0,0,0,0,0,0,0,0,0,0,0,0,0,0,0,0,0,0,0,0,0,0,0,0,0,0,0,0,0,0,0,0,0,0,0,0,0,0,0,0,0,0,0,0,0,0,0,0,0,0,0,0,0,0,0,0,0,0,0,0,0,0,0,0,0,0,0,0,0,0,0,0,0,0,0,0,0,0,0,0,0,0,0,0,0,0,0,0,0,0,0,0,0,0,0,0,0,0,0,0,0,0,0,0,0,0,0,0,0,0,0,0,0,0,0,0,0,0,0,0,0,0,0,0,0,0,0,0,0,0,0,0,0,0,0,0,0,0,0,0,0,0,0,0,0,0,0,0,0,0,0,0,0,0,0,0,0,0,0,0,0,0,0,0,0,0,0,0,0,0,0,0,0,0,0,0,0,0,0,0,0,0,0,0,0,0,0,0,0,0,0,0,0,0,0,0,0,0,0,0,0,0,0,0,0,1,1,0,0,0,0,0,0,0,0,0,0,0,0,0,0,0,0,0,0,0,0,0,0,0,0,0,0,0,0,0,0,0,0,0,1,0,0,0,0,0,1,0,0,0,0,0,0,0,0,0,0,0,0,0,0,0,0,0,0,0,1,0,1,1,0,1,0,0,3,0,1,0,0,1,1,1,2,1,2,1,2,1,0,1,1,0,2,4,0,3,0,1,1,1,2,1,2,2,1,2,1,3,3,1,4,3,2,4,3,2,7,8,7,3,6,0,4,1,9,5,3,12,8,8,6,9,15,8,16,6,9,4,13,5,8,9,12,8,5,12,13,11,17,12,11,15,16,12,8,14,23,10,17,15,19,24,15,11,21,20,10,15,32,29,22,22,27,13,21,21,29,29,20,21,18,27,31,29,29,26,25,26,20,26,35,41,41,31,25,31,27,37,42,38,27,31,50,32,39,48,43,44,37,55,44,49,54,49,48,40,69,40,51,61,54,54,69,52,52,56,53,76,60,68,59,72,66,76,61,55,66,72,81,63,81,67,65,84,69,60,82,81,82,81,69,56,71,85,86,95,96,93,116,90,92,110,98,104,113,93,119,97,110,134,110,125,107,114,116,134,143,131,128,124,135,141,120,136,121,161,159,161,134,147,131,170,180,150,171,154,151,163,180,176,179,188,176,206,203,195,162,175,176,220,185,176,187,178,209,204,187,223,232,185,185,180,231,183,180,201,208,186,209,206,195,185,203,203,197,195,193,215,211,191,200,184,187,215,200,191,182,216,187,204,207,189,193,174,193,172,200,168,206,195,189,171,183,177,186,171,191,187,188,176,172,184,164,172,154,169,160,155,177,123,134,165,148,151,166,152,151,153,132,146,140,141,133,123,136,134,142,146,132,112,127,127,108,114,120,116,120,135,128,127,113,131,119,127,113,119,103,124,130,111,115,112,107,103,93,94,105,110,98,90,92,103,94,94,99,92,87,96,104,103,93,108,102,114,119,96,109,117,105,82,88,86,102,75,86,87,86,112,103,103,88,111,97,101,93,94,93,83,96,100,101,100,82,107,86,108,104,96,100,108,118,106,108,106,96,108,98,100,120,99,104,99,107,110
0,0,0,0,0,0,0,0,0,0,0,0,0,0,0,0,0,0,0,0,0,0,0,0,0,0,0,0,0,0,0,0,0,0,0,0,0,0,0,0,0,0,0,0,0,0,0,0,0,0,0,0,0,0,0,0,0,0,0,0,0,0,0,0,0,0,0,0,0,0,0,0,0,0,0,0,0,0,0,0,0,0,0,0,0,0,0,0,0,0,0,0,0,0,0,0,0,0,0,0,0,0,0,0,0,0,0,0,0,0,0,0,0,0,0,0,0,0,0,0,0,0,0,0,0,0,0,0,0,0,0,0,0,0,0,0,0,0,0,0,0,0,0,0,0,0,0,0,0,0,0,0,0,0,0,0,0,0,0,0,0,0,0,0,0,0,0,0,0,0,0,0,0,0,0,0,0,0,0,0,0,0,0,0,0,0,0,0,0,0,0,0,0,0,0,0,0,0,0,0,0,0,0,0,0,0,0,0,0,0,0,0,0,0,0,0,0,0,0,0,0,0,0,0,0,0,0,0,0,0,0,0,0,0,0,0,0,0,0,0,0,0,0,0,0,0,0,0,0,0,0,0,0,0,0,0,0,0,0,0,0,0,0,0,0,0,0,0,0,0,0,0,0,0,0,0,0,0,0,0,0,0,0,0,0,0,0,0,0,0,0,0,0,0,0,0,0,0,0,0,0,0,0,0,0,0,0,0,0,0,0,0,0,0,0,0,0,0,0,0,0,0,0,0,0,0,0,0,0,0,0,0,0,0,0,0,0,0,0,0,0,1,0,1,0,0,0,0,0,0,1,0,0,0,0,0,0,0,0,0,0,1,0,0,1,1,0,1,0,0,2,0,0,0,0,0,0,1,1,0,0,0,0,1,0,1,0,2,0,0,1,2,1,0,3,4,1,0,1,3,2,2,1,3,0,1,3,2,2,2,0,1,5,4,1,2,3,3,3,4,7,5,2,4,2,3,6,6,8,4,1,5,7,8,7,7,7,1,9,8,4,8,8,6,9,13,6,13,5,6,10,8,13,12,13,8,9,17,10,11,11,18,9,26,10,11,17,13,13,19,16,24,19,25,26,23,21,18,28,28,14,27,17,19,28,18,22,22,30,38,39,30,35,24,33,41,24,40,39,37,33,30,29,35,39,30,43,41,45,38,39,51,28,37,34,47,54,60,42,45,41,59,58,49,57,64,47,50,56,58,53,56,51,53,58,48,56,65,59,82,66,65,63,58,75,76,89,62,75,78,70,75,93,79,69,75,68,86,78,80,96,90,101,95,109,98,102,100,95,100,92,113,89,98,116,115,119,133,121,121,116,120,119,133,127,121,124,138,145,133,153,159,133,167,154,163,146,177,159,171,159,178,154,179,183,170,161,171,167,175,213,179,186,202,182,187,203,195,211,207,213,213,199,210,187,170,207,197,213,197,211,187,201,187,199,204,195,182,189,218,204,191,187,231,221,203,219,195,208,229,185,182,187,216,189,179,197,171,195,182,181,183,188,185,203,174,214,210,165,174,193,166,162,205,172,163,175,168,175,160,181,148,160,176,142,163,153,167,161,177,169,150,150,147,136,150,114,138,124,149,143,141,117,110,151,133,135,141,131,147,135,126,131,104,124,143,104,144,137,125,117,101,123,99,118,109,112,106,104,110,118,94,104,107,92,106,89,101,100,109,98,103,96,87,81,108,102,93,98,96,97,111,81,103,98,77,101,83,115,81,103,92,97,105,121,94,118,98,100,96,104,119,118,114,97,103,108,98,91,93,111,110,99,99,98,102,113,91,99,96,112,126,102,107,120,114,100,111,107,115
0,0,0,0,0,0,0,0,0,0,0,0,0,0,0,0,0,0,0,0,0,0,0,0,0,0,0,0,0,0,0,0,0,0,0,0,0,0,0,0,0,0,0,0,0,0,0,0,0,0,0,0,0,0,0,0,0,0,0,0,0,0,0,0,0,0,0,0,0,0,0,0,0,0,0,0,0,0,0,0,0,0,0,0,0,0,0,0,0,0,0,0,0,0,0,0,0,0,0,0,0,0,0,0,0,0,0,0,0,0,0,0,0,0,0,0,0,0,0,0,0,0,0,0,0,0,0,0,0,0,0,0,0,0,0,0,0,0,0,0,0,0,0,0,0,0,0,0,0,0,0,0,0,0,0,0,0,0,0,0,0,0,0,0,0,0,0,0,0,0,0,0,0,0,0,0,0,0,0,0,0,0,0,0,0,0,0,0,0,0,0,0,0,0,0,0,0,0,0,0,0,0,0,0,0,0,0,0,0,0,0,0,0,0,0,0,0,0,0,0,0,0,0,0,0,0,0,0,0,0,0,0,0,0,0,0,0,0,0,0,0,0,0,0,0,0,0,0,0,0,0,0,0,0,0,0,0,0,0,0,0,0,0,0,0,0,0,0,0,0,0,0,0,0,0,0,0,0,0,0,0,0,0,0,0,0,0,0,0,0,0,0,0,0,0,0,0,0,0,0,0,0,0,0,0,0,0,0,0,0,0,0,0,0,0,0,0,0,0,0,0,0,1,0,0,0,0,0,0,0,0,1,0,0,0,0,1,0,0,0,0,0,0,1,0,0,0,0,0,0,0,0,0,0,0,0,0,0,0,0,0,0,0,1,0,0,0,0,1,0,1,1,0,0,0,0,0,0,0,0,0,0,0,1,0,1,0,1,0,0,0,1,4,0,3,0,2,1,0,1,3,3,0,0,1,2,3,1,4,2,5,3,1,4,3,3,2,0,4,2,8,5,4,5,5,7,5,5,9,11,6,8,6,6,4,7,7,7,12,10,8,3,12,7,8,11,7,13,12,9,7,8,9,8,14,8,12,16,14,10,10,12,16,14,13,15,15,14,22,19,16,23,27,24,15,23,23,14,26,25,16,24,20,27,29,14,31,25,27,28,23,26,27,31,36,33,34,26,30,35,40,33,29,31,47,36,40,31,29,30,46,38,48,44,35,29,38,48,44,51,39,73,43,55,43,51,38,42,64,48,59,52,59,62,62,64,76,57,62,65,79,65,62,55,76,66,64,83,62,72,75,63,66,77,92,81,75,61,97,96,74,90,96,85,85,103,85,88,109,94,94,112,125,107,110,111,104,110,103,108,118,113,135,134,130,135,126,143,129,153,156,154,148,158,146,148,156,164,148,174,169,158,156,172,177,173,182,192,170,158,172,177,184,188,193,178,160,192,178,188,206,208,185,191,212,209,201,176,207,200,179,197,187,187,211,185,249,218,210,199,189,204,227,195,192,192,189,186,191,228,213,230,190,193,192,194,197,172,198,197,195,196,174,180,189,208,176,175,195,182,166,183,171,156,182,156,159,155,155,166,158,152,156,198,149,146,174,174,165,144,137,139,164,151,162,134,139,132,134,132,155,137,125,123,123,118,132,132,134,114,126,106,128,130,110,115,118,137,130,133,128,128,131,118,95,118,109,117,116,101,93,116,107,131,93,107,89,108,113,98,97,101,129,107,107,105,87,89,85,103,94,107,88,94,94,96,95,101,98,90,101,109,81,100,91,100,83,104,90,102,91,83,105,90,98,104,98,91,96,91,97,123,105,100,93,92,86,84,100,103,105,110,116,84,107,109,126,100,154,121
0,0,0,0,0,0,0,0,0,0,0,0,0,0,0,0,0,0,0,0,0,0,0,0,0,0,0,0,0,0,0,0,0,0,0,0,0,0,0,0,0,0,0,0,0,0,0,0,0,0,0,0,0,0,0,0,0,0,0,0,0,0,0,0,0,0,0,0,0,0,0,0,0,0,0,0,0,0,0,0,0,0,0,0,0,0,0,0,0,0,0,0,0,0,0,0,0,0,0,0,0,0,0,0,0,0,0,0,0,0,0,0,0,0,0,0,0,0,0,0,0,0,0,0,0,0,0,0,0,0,0,0,0,0,0,0,0,0,0,0,0,0,0,0,0,0,0,0,0,0,0,0,0,0,0,0,0,0,0,0,0,0,0,0,0,0,0,0,0,0,0,0,0,0,0,0,0,0,0,0,0,0,0,0,0,0,0,0,0,0,0,0,0,0,0,0,0,0,0,0,0,0,0,0,0,0,0,0,0,0,0,0,0,0,0,0,0,0,0,0,0,0,0,0,0,0,0,0,0,0,0,0,0,0,0,0,0,0,0,0,0,0,0,0,0,0,0,0,0,0,0,0,0,0,0,0,0,0,0,0,0,0,0,0,0,0,0,0,0,0,0,0,0,0,0,0,0,0,0,0,0,0,0,0,0,0,0,0,0,0,0,0,0,0,0,0,0,0,0,0,0,0,0,0,0,0,0,0,0,0,0,0,0,0,0,1,0,0,0,0,0,0,0,0,1,0,0,0,0,0,0,0,0,0,0,0,0,0,0,0,0,1,0,0,0,0,0,0,0,0,0,0,0,0,0,0,0,1,0,0,0,0,0,2,2,0,0,0,0,1,0,0,0,0,0,1,2,0,1,0,0,2,3,0,0,0,0,1,1,1,1,0,2,1,2,1,2,3,3,1,1,0,0,2,2,1,1,4,5,1,2,1,3,3,3,5,1,3,3,7,4,6,1,5,5,7,3,4,8,5,6,2,6,4,8,5,7,14,10,2,5,6,10,7,10,14,9,6,9,12,13,11,10,14,9,7,13,15,15,11,16,9,12,9,18,16,17,14,18,17,14,19,16,20,20,15,14,18,27,18,23,24,21,33,25,29,29,27,29,35,30,24,30,36,34,33,33,34,38,35,31,35,41,35,32,32,29,42,43,35,38,44,45,53,41,43,47,46,48,52,45,45,52,36,55,41,52,52,52,47,37,68,64,50,65,62,55,68,52,53,69,55,58,68,69,70,68,61,65,66,66,71,87,78,84,76,70,79,81,80,99,108,79,96,93,101,82,101,89,84,126,97,113,109,116,119,115,118,118,116,112,122,134,106,139,131,130,141,122,125,153,143,138,167,146,152,147,157,153,145,169,174,184,170,161,156,183,179,194,196,169,163,185,193,208,187,187,202,206,198,219,202,216,210,211,190,188,189,221,196,189,204,201,187,194,205,200,217,198,203,195,199,200,200,202,173,207,205,222,190,211,178,219,187,190,198,190,204,215,185,207,189,189,173,193,183,146,174,178,172,202,167,167,186,159,174,163,187,165,170,164,173,164,177,157,158,152,154,143,170,168,135,134,132,139,128,165,144,130,121,137,141,130,115,139,132,136,136,135,116,140,114,128,122,118,113,113,111,120,121,149,106,115,118,120,114,121,106,118,102,93,104,106,117,107,91,82,113,92,85,82,101,106,114,102,105,85,104,87,110,105,112,99,92,95,103,121,94,114,91,106,112,89,87,105,99,93,101,91,100,104,104,82,98,104,102,104,115,92,95,103,104,102,92,102,112,96,107,99,108,98,102,87,110,100,110,103,109,119,124
0,0,0,0,0,0,0,0,0,0,0,0,0,0,0,0,0,0,0,0,0,0,0,0,0,0,0,0,0,0,0,0,0,0,0,0,0,0,0,0,0,0,0,0,0,0,0,0,0,0,0,0,0,0,0,0,0,0,0,0,0,0,0,0,0,0,0,0,0,0,0,0,0,0,0,0,0,0,0,0,0,0,0,0,0,0,0,0,0,0,0,0,0,0,0,0,0,0,0,0,0,0,0,0,0,0,0,0,0,0,0,0,0,0,0,0,0,0,0,0,0,0,0,0,0,0,0,0,0,0,0,0,0,0,0,0,0,0,0,0,0,0,0,0,0,0,0,0,0,0,0,0,0,0,0,0,0,0,0,0,0,0,0,0,0,0,0,0,0,0,0,0,0,0,0,0,0,0,0,0,0,0,0,0,0,0,0,0,0,0,0,0,0,0,0,0,0,0,0,0,0,0,0,0,0,0,0,0,0,0,0,0,0,0,0,0,0,0,0,0,0,0,0,0,0,0,0,0,0,0,0,0,0,0,0,0,0,0,0,0,0,0,0,0,0,0,0,0,0,0,0,0,0,0,0,0,0,0,0,0,0,0,0,0,0,0,0,0,0,0,0,0,0,0,0,0,0,0,0,0,0,0,0,0,0,0,0,0,0,0,0,0,0,0,0,0,0,0,0,0,0,0,0,0,0,0,0,0,0,0,0,0,0,0,0,0,0,0,1,0,0,1,0,0,0,0,0,0,0,0,0,0,0,0,0,0,0,0,0,0,0,0,0,0,0,0,0,0,0,1,0,1,0,0,0,0,0,0,0,1,0,0,0,2,0,0,0,2,1,0,0,0,0,1,1,0,1,0,1,0,0,2,1,0,0,3,1,1,2,1,1,0,3,3,3,2,3,2,0,2,3,1,2,2,2,1,1,0,2,2,2,0,3,4,1,3,2,5,8,4,3,4,4,4,3,9,6,5,2,5,4,3,9,5,6,4,6,8,4,9,6,4,6,10,14,7,15,10,11,13,13,8,10,6,11,8,15,16,17,16,14,12,17,6,12,9,22,15,17,17,10,26,24,21,17,29,27,21,22,30,25,23,20,24,30,23,26,34,23,28,32,31,32,33,27,22,27,27,39,35,31,45,34,42,34,40,28,43,37,39,56,44,46,48,33,40,55,41,45,44,51,61,37,62,56,40,66,42,56,61,66,62,45,65,56,55,52,63,69,48,73,58,71,56,64,67,70,68,72,74,83,79,84,61,84,77,103,80,76,84,84,96,93,102,103,94,92,108,112,102,96,112,106,96,108,111,100,117,129,111,152,125,127,122,126,141,142,140,153,158,152,134,144,147,163,154,131,149,161,152,146,166,177,164,198,175,183,170,170,174,205,199,176,221,176,205,200,188,203,175,184,198,209,189,203,195,200,197,216,205,229,214,191,216,198,189,194,210,193,186,198,193,204,232,196,195,214,206,200,216,193,221,192,199,192,202,166,185,178,192,162,191,182,211,187,185,196,205,178,172,164,171,178,167,171,170,164,183,147,141,147,146,157,177,161,156,136,157,149,144,160,148,138,146,158,164,162,130,127,161,120,130,126,119,123,144,132,147,116,113,129,132,118,130,110,118,137,146,90,114,107,121,117,98,93,116,104,115,103,92,88,97,100,106,88,104,102,101,100,100,90,95,114,90,85,105,108,106,107,117,110,101,101,103,101,99,113,81,97,92,101,94,108,99,97,100,79,103,100,86,108,85,98,97,113,113,88,91,111,111,114,98,91,102,110,96,97,105,118,114,131,99,115,130,111,117,112,115,108,98
0,0,0,0,0,0,0,0,0,0,0,0,0,0,0,0,0,0,0,0,0,0,0,0,0,0,0,0,0,0,0,0,0,0,0,0,0,0,0,0,0,0,0,0,0,0,0,0,0,0,0,0,0,0,0,0,0,0,0,0,0,0,0,0,0,0,0,0,0,0,0,0,0,0,0,0,0,0,0,0,0,0,0,0,0,0,0,0,0,0,0,0,0,0,0,0,0,0,0,0,0,0,0,0,0,0,0,0,0,0,0,0,0,0,0,0,0,0,0,0,0,0,0,0,0,0,0,0,0,0,0,0,0,0,0,0,0,0,0,0,0,0,0,0,0,0,0,0,0,0,0,0,0,0,0,0,0,0,0,0,0,0,0,0,0,0,0,0,0,0,0,0,0,0,0,0,0,0,0,0,0,0,0,0,0,0,0,0,0,0,0,0,0,0,0,0,0,0,0,0,0,0,0,0,0,0,0,0,0,0,0,0,0,0,0,0,0,0,0,0,0,0,0,0,0,0,0,0,0,0,0,0,0,0,0,0,0,0,0,0,0,0,0,0,0,0,0,0,0,0,0,0,0,0,0,0,0,0,0,0,0,0,0,0,0,0,0,0,0,0,0,0,0,0,0,0,0,0,0,0,0,0,0,0,0,0,0,0,0,0,0,0,0,0,0,0,0,0,0,0,0,0,0,0,0,0,0,0,0,0,0,0,0,0,0,0,0,0,0,0,0,0,0,0,0,0,0,0,0,0,0,0,0,0,0,0,0,0,0,0,0,0,0,0,0,0,0,0,0,0,1,1,0,0,1,0,0,0,0,0,0,0,1,0,1,0,0,0,0,1,0,1,0,0,0,2,0,0,0,0,2,0,2,0,1,3,2,1,0,2,0,2,0,0,1,4,2,0,2,1,1,1,2,1,1,4,4,4,0,2,1,4,4,3,2,0,2,4,6,2,3,2,2,4,5,4,4,3,9,4,5,3,4,5,2,3,5,7,5,6,11,12,12,8,10,4,13,7,5,10,13,10,15,11,8,12,10,21,8,10,15,18,10,14,16,15,12,10,17,15,30,17,20,26,20,13,29,17,19,18,19,14,23,23,21,25,31,21,31,25,29,30,35,42,35,37,30,41,37,31,35,38,36,41,25,32,40,27,28,41,41,47,49,48,39,50,29,53,34,45,40,53,43,51,61,76,55,63,60,62,52,60,69,55,63,64,51,66,70,48,74,56,61,64,53,73,74,62,64,67,78,85,89,94,69,72,73,104,84,92,74,97,105,75,88,88,92,92,96,95,93,103,84,114,105,118,123,127,95,122,133,114,129,123,131,126,142,135,125,142,138,134,150,169,147,139,129,154,145,179,177,177,163,162,180,163,180,176,172,180,191,172,175,214,208,186,187,178,171,200,191,195,161,218,200,215,205,192,225,174,218,195,215,184,204,237,204,201,223,200,216,196,188,161,224,215,222,219,228,214,197,178,194,191,219,181,208,217,203,197,182,209,179,184,167,171,199,182,189,187,166,190,181,188,168,189,174,161,162,135,169,132,146,165,144,172,166,141,185,163,152,162,159,139,133,138,142,144,133,116,132,129,127,139,134,127,131,142,121,108,145,132,119,115,135,128,125,139,131,123,129,103,113,117,114,113,92,115,108,105,90,91,103,90,108,108,109,116,105,96,111,100,86,93,95,84,91,103,99,101,107,100,104,115,106,98,95,102,80,114,99,98,97,106,102,96,106,105,101,89,92,102,91,98,106,101,93,97,111,107,97,106,118,104,91,95,96,105,97,112,102,98,108,120,114,109,123,104,111,114
0,0,0,0,0,0,0,0,0,0,0,0,0,0,0,0,0,0,0,0,0,0,0,0,0,0,0,0,0,0,0,0,0,0,0,0,0,0,0,0,0,0,0,0,0,0,0,0,0,0,0,0,0,0,0,0,0,0,0,0,0,0,0,0,0,0,0,0,0,0,0,0,0,0,0,0,0,0,0,0,0,0,0,0,0,0,0,0,0,0,0,0,0,0,0,0,0,0,0,0,0,0,0,0,0,0,0,0,0,0,0,0,0,0,0,0,0,0,0,0,0,0,0,0,0,0,0,0,0,0,0,0,0,0,0,0,0,0,0,0,0,0,0,0,0,0,0,0,0,0,0,0,0,0,0,0,0,0,0,0,0,0,0,0,0,0,0,0,0,0,0,0,0,0,0,0,0,0,0,0,0,0,0,0,0,0,0,0,0,0,0,0,0,0,0,0,0,0,0,0,0,0,0,0,0,0,0,0,0,0,0,0,0,0,0,0,0,0,0,0,0,0,0,0,0,0,0,0,0,0,0,0,0,0,0,0,0,0,0,0,0,0,0,0,0,0,0,0,0,0,0,0,0,0,0,0,0,0,0,0,0,0,0,0,0,0,0,0,0,0,0,0,0,0,0,0,0,0,0,0,0,0,0,0,0,0,0,0,0,0,0,0,0,0,0,0,0,0,0,0,0,0,0,0,0,0,0,0,0,1,0,0,0,0,0,0,0,0,0,0,0,0,0,0,0,0,0,0,0,0,0,0,0,1,0,0,0,0,0,1,0,0,0,1,0,0,0,0,0,0,0,1,0,0,0,0,0,0,0,0,1,0,1,0,0,0,0,0,1,0,0,0,0,1,0,1,0,0,1,0,0,0,0,1,0,1,0,2,0,0,1,3,0,1,0,3,0,1,0,0,1,3,2,1,1,3,6,1,2,2,1,4,2,3,1,1,5,3,4,5,2,10,4,3,7,8,5,7,4,3,7,4,12,6,8,9,7,5,7,6,9,8,8,7,6,10,11,10,7,9,16,17,10,6,9,10,15,12,11,12,8,13,10,16,19,16,16,16,12,11,22,17,12,28,17,21,16,22,21,28,23,27,29,30,24,17,25,25,21,23,29,37,27,25,37,37,31,37,23,34,36,33,32,41,42,36,23,31,32,35,34,48,40,35,53,56,42,43,56,44,43,49,54,54,51,59,63,55,52,57,47,51,60,59,67,64,50,57,62,62,64,67,63,83,76,79,71,80,66,72,86,73,80,81,81,87,63,86,76,86,75,103,75,104,105,101,92,108,93,114,111,104,111,119,104,124,106,134,113,124,138,130,138,116,129,149,126,141,117,143,143,154,154,149,135,167,171,139,153,161,171,184,162,170,181,173,187,186,165,170,204,175,198,177,169,172,192,199,206,199,199,199,200,182,210,199,184,216,200,201,189,202,200,182,227,199,195,175,200,210,201,186,176,200,200,203,216,212,178,189,192,201,240,207,217,176,168,176,194,205,201,165,200,172,184,192,174,190,166,178,183,170,200,169,147,156,188,162,189,157,180,168,158,146,140,151,163,167,150,137,154,153,143,168,141,125,140,126,123,128,160,138,139,147,120,124,127,131,116,109,127,115,133,123,123,126,123,131,110,138,103,120,119,115,119,106,104,113,97,94,128,109,96,105,89,115,111,122,108,112,114,95,118,106,116,97,103,82,93,100,106,110,101,85,89,103,105,102,91,103,95,99,97,91,87,94,98,95,101,84,110,83,107,88,92,102,91,105,115,117,101,103,100,104,103,93,106,98,101,95,105,106,110,95,110,103,114,124,137,121
0,0,0,0,0,0,0,0,0,0,0,0,0,0,0,0,0,0,0,0,0,0,0,0,0,0,0,0,0,0,0,0,0,0,0,0,0,0,0,0,0,0,0,0,0,0,0,0,0,0,0,0,0,0,0,0,0,0,0,0,0,0,0,0,0,0,0,0,0,0,0,0,0,0,0,0,0,0,0,0,0,0,0,0,0,0,0,0,0,0,0,0,0,0,0,0,0,0,0,0,0,0,0,0,0,0,0,0,0,0,0,0,0,0,0,0,0,0,0,0,0,0,0,0,0,0,0,0,0,0,0,0,0,0,0,0,0,0,0,0,0,0,0,0,0,0,0,0,0,0,0,0,0,0,0,0,0,0,0,0,0,0,0,0,0,0,0,0,0,0,0,0,0,0,0,0,0,0,0,0,0,0,0,0,0,0,0,0,0,0,0,0,0,0,0,0,0,0,0,0,0,0,0,0,0,0,0,0,0,0,0,0,0,0,0,0,0,0,0,0,0,0,0,0,0,0,0,0,0,0,0,0,0,0,0,0,0,0,0,0,0,0,0,0,0,0,0,0,0,0,0,0,0,0,0,0,0,0,0,0,0,0,0,0,0,0,0,0,0,0,0,0,0,0,0,0,0,0,0,0,0,0,0,0,0,0,0,0,0,0,0,0,0,0,0,0,0,0,0,0,0,0,0,0,0,0,0,0,0,0,0,0,0,0,0,0,0,0,0,0,0,0,0,0,0,0,0,0,0,0,0,0,0,0,0,0,0,0,0,0,0,0,0,1,0,0,0,0,0,1,0,0,0,0,0,0,0,0,0,0,0,1,0,1,0,0,1,0,0,0,1,0,0,0,0,0,0,1,0,1,1,0,1,1,1,2,3,0,1,2,0,0,0,0,1,1,1,2,1,1,2,1,0,1,3,2,3,5,2,4,1,1,3,5,6,4,3,2,5,1,4,4,5,4,7,5,4,4,4,5,10,11,8,6,8,10,8,5,6,6,8,10,12,5,11,4,12,12,10,9,13,15,12,11,4,10,11,17,15,15,7,13,15,16,13,12,17,20,24,19,19,21,19,23,20,13,22,20,25,24,29,21,30,14,30,17,29,35,26,34,27,28,24,27,34,22,41,27,23,21,28,46,30,32,34,33,35,33,39,49,42,44,39,38,33,49,41,46,51,48,55,40,43,42,60,50,53,62,45,39,46,59,46,71,64,57,70,60,58,62,70,75,58,80,88,77,66,79,72,80,71,82,79,92,82,65,93,89,77,95,97,74,75,102,111,102,85,91,102,117,113,107,119,112,110,126,105,127,109,115,115,123,138,131,140,140,154,128,133,159,146,156,154,147,168,140,141,151,171,150,175,173,162,171,151,195,161,189,211,175,164,190,163,189,170,201,205,198,192,171,190,199,192,192,184,216,200,205,194,191,204,179,222,213,186,221,178,177,191,188,174,189,193,189,191,201,198,215,214,219,207,220,169,196,207,195,216,208,195,193,182,198,208,196,187,175,196,166,183,181,189,194,192,170,186,178,159,173,173,157,172,161,180,169,168,173,159,143,156,148,153,157,164,141,161,134,120,148,149,125,159,135,135,118,128,139,134,130,112,136,134,128,122,115,145,138,105,129,90,126,95,123,116,108,132,105,117,116,125,106,111,104,103,109,101,101,104,114,92,94,90,109,95,108,88,100,99,121,99,90,89,97,96,107,107,96,107,115,90,106,110,119,104,101,90,101,93,97,95,99,89,88,94,104,92,93,94,95,96,89,103,94,105,96,113,103,112,104,116,113,111,110,119,97,107,104,110,101,122,106
0,0,0,0,0,0,0,0,0,0,0,0,0,0,0,0,0,0,0,0,0,0,0,0,0,0,0,0,0,0,0,0,0,0,0,0,0,0,0,0,0,0,0,0,0,0,0,0,0,0,0,0,0,0,0,0,0,0,0,0,0,0,0,0,0,0,0,0,0,0,0,0,0,0,0,0,0,0,0,0,0,0,0,0,0,0,0,0,0,0,0,0,0,0,0,0,0,0,0,0,0,0,0,0,0,0,0,0,0,0,0,0,0,0,0,0,0,0,0,0,0,0,0,0,0,0,0,0,0,0,0,0,0,0,0,0,0,0,0,0,0,0,0,0,0,0,0,0,0,0,0,0,0,0,0,0,0,0,0,0,0,0,0,0,0,0,0,0,0,0,0,0,0,0,0,0,0,0,0,0,0,0,0,0,0,0,0,0,0,0,0,0,0,0,0,0,0,0,0,0,0,0,0,0,0,0,0,0,0,0,0,0,0,0,0,0,0,0,0,0,0,0,0,0,0,0,0,0,0,0,0,0,0,0,0,0,0,0,0,0,0,0,0,0,0,0,0,0,0,0,0,0,0,0,0,0,0,0,0,0,0,0,0,0,0,0,0,0,0,0,0,0,0,0,0,0,0,0,0,0,0,0,0,0,0,0,0,0,0,0,0,0,0,0,0,0,0,0,0,0,0,0,0,0,0,0,0,0,0,0,0,0,0,0,0,0,0,0,0,0,0,0,0,0,0,0,0,0,1,0,0,0,0,0,0,1,0,0,0,1,0,0,0,0,0,0,0,0,0,0,1,0,0,0,0,0,0,0,2,0,1,0,0,0,1,0,0,0,0,0,0,0,0,1,2,0,1,0,0,1,2,1,2,1,2,1,0,0,0,3,2,1,0,2,3,1,2,3,2,2,1,1,4,6,2,4,3,2,1,3,0,3,3,3,3,1,3,3,4,3,2,5,3,3,5,5,9,7,3,2,6,8,7,7,6,6,8,9,8,8,4,4,7,2,7,5,6,10,10,7,9,9,6,11,17,11,8,7,15,13,12,13,16,18,11,16,18,17,16,20,19,19,22,28,20,23,24,25,25,30,19,33,21,27,21,27,25,23,27,26,35,35,31,28,22,23,34,38,30,37,25,37,39,29,39,35,54,43,40,35,44,34,38,39,31,49,41,48,49,41,50,57,43,63,60,59,62,59,57,46,60,61,62,61,55,54,61,75,68,59,83,64,67,67,79,56,71,82,72,78,78,81,76,81,69,77,73,76,85,78,80,100,103,93,97,95,103,93,104,96,100,92,111,127,109,114,121,118,124,145,140,124,130,147,146,140,133,156,146,125,135,147,141,150,133,163,152,151,148,167,177,172,147,169,187,186,169,176,181,175,184,190,186,208,195,186,201,189,177,208,186,198,194,204,201,219,196,197,206,195,179,195,219,224,230,202,207,201,208,192,208,212,214,177,211,218,179,192,210,233,205,208,182,198,187,171,193,197,208,187,218,195,193,190,169,174,191,190,173,151,162,166,182,182,181,187,177,174,170,170,191,154,165,154,154,158,153,158,169,140,139,164,138,161,151,131,153,158,134,146,153,135,129,136,139,130,137,126,140,104,122,108,121,136,116,120,111,126,120,102,129,125,110,107,112,99,111,95,108,113,102,92,91,100,110,92,94,116,109,93,80,82,82,92,91,91,79,97,97,109,103,107,106,98,103,94,90,94,101,94,95,89,97,101,109,96,89,87,102,85,106,92,93,102,91,105,118,102,83,107,111,116,122,111,90,95,100,100,102,95,112,100,98,89,111,133,127,100,126,129
0,0,0,0,0,0,0,0,0,0,0,0,0,0,0,0,0,0,0,0,0,0,0,0,0,0,0,0,0,0,0,0,0,0,0,0,0,0,0,0,0,0,0,0,0,0,0,0,0,0,0,0,0,0,0,0,0,0,0,0,0,0,0,0,0,0,0,0,0,0,0,0,0,0,0,0,0,0,0,0,0,0,0,0,0,0,0,0,0,0,0,0,0,0,0,0,0,0,0,0,0,0,0,0,0,0,0,0,0,0,0,0,0,0,0,0,0,0,0,0,0,0,0,0,0,0,0,0,0,0,0,0,0,0,0,0,0,0,0,0,0,0,0,0,0,0,0,0,0,0,0,0,0,0,0,0,0,0,0,0,0,0,0,0,0,0,0,0,0,0,0,0,0,0,0,0,0,0,0,0,0,0,0,0,0,0,0,0,0,0,0,0,0,0,0,0,0,0,0,0,0,0,0,0,0,0,0,0,0,0,0,0,0,0,0,0,0,0,0,0,0,0,0,0,0,0,0,0,0,0,0,0,0,0,0,0,0,0,0,0,0,0,0,0,0,0,0,0,0,0,0,0,0,0,0,0,0,0,0,0,0,0,0,0,0,0,0,0,0,0,0,0,0,0,0,0,0,0,0,0,0,0,0,0,0,0,0,0,0,0,0,0,0,0,0,0,0,0,0,0,0,0,0,0,0,0,0,0,0,0,0,0,0,0,0,0,0,0,0,0,0,0,0,0,0,0,0,0,0,0,0,0,0,0,0,0,0,0,1,0,0,0,0,0,0,0,0,0,0,0,0,0,0,0,0,0,0,2,1,0,0,0,1,0,1,0,0,2,0,0,0,0,0,1,0,0,0,0,0,0,0,0,1,1,2,0,1,0,0,1,1,1,2,1,1,0,4,2,3,2,1,1,1,1,0,0,3,4,2,3,4,3,2,5,3,4,2,2,1,3,10,3,5,4,5,7,3,8,5,2,5,6,6,4,8,6,3,4,1,4,9,7,6,8,12,8,9,10,12,11,8,11,17,9,9,5,11,6,8,8,12,8,8,18,11,22,13,19,11,24,7,21,16,16,22,19,19,22,15,24,23,17,30,24,18,30,24,29,29,19,28,36,28,23,34,20,21,39,29,30,28,35,33,35,31,43,34,49,42,42,43,34,36,48,37,38,39,52,53,36,52,46,50,58,60,58,58,51,65,52,40,45,54,51,54,57,60,67,61,64,68,71,77,65,77,64,60,61,84,74,72,71,78,75,63,75,80,68,93,99,94,125,91,83,86,100,97,100,106,110,108,109,123,129,111,109,108,120,142,111,105,122,111,118,153,136,130,145,136,133,120,156,135,134,143,161,153,173,138,138,159,172,188,157,185,170,182,180,187,152,166,154,192,203,185,184,186,199,197,180,206,179,190,215,229,170,199,227,193,205,230,198,187,191,191,226,176,205,206,190,179,206,189,195,203,177,186,192,209,213,186,213,207,203,185,216,201,170,190,174,166,187,203,181,169,163,178,180,193,201,200,152,201,176,159,197,176,164,151,163,159,165,143,146,166,152,140,172,157,144,161,139,172,143,146,148,144,129,151,135,137,140,135,110,140,127,143,152,105,129,141,138,128,144,110,120,123,118,120,134,91,110,112,114,101,101,106,89,105,116,94,113,101,107,114,100,94,124,99,99,96,90,95,112,92,97,104,102,93,114,79,94,84,111,91,97,100,91,96,95,107,88,90,89,102,111,114,96,99,104,111,95,108,107,91,106,97,89,87,100,88,108,109,111,106,115,94,100,107,95,103,94,123,120,108,107,93,126,136,115
0,0,0,0,0,0,0,0,0,0,0,0,0,0,0,0,0,0,0,0,0,0,0,0,0,0,0,0,0,0,0,0,0,0,0,0,0,0,0,0,0,0,0,0,0,0,0,0,0,0,0,0,0,0,0,0,0,0,0,0,0,0,0,0,0,0,0,0,0,0,0,0,0,0,0,0,0,0,0,0,0,0,0,0,0,0,0,0,0,0,0,0,0,0,0,0,0,0,0,0,0,0,0,0,0,0,0,0,0,0,0,0,0,0,0,0,0,0,0,0,0,0,0,0,0,0,0,0,0,0,0,0,0,0,0,0,0,0,0,0,0,0,0,0,0,0,0,0,0,0,0,0,0,0,0,0,0,0,0,0,0,0,0,0,0,0,0,0,0,0,0,0,0,0,0,0,0,0,0,0,0,0,0,0,0,0,0,0,0,0,0,0,0,0,0,0,0,0,0,0,0,0,0,0,0,0,0,0,0,0,0,0,0,0,0,0,0,0,0,0,0,0,0,0,0,0,0,0,0,0,0,0,0,0,0,0,0,0,0,0,0,0,0,0,0,0,0,0,0,0,0,0,0,0,0,0,0,0,0,0,0,0,0,0,0,0,0,0,0,0,0,0,0,0,0,0,0,0,0,0,0,0,0,0,0,0,0,0,0,0,0,0,0,0,0,0,0,0,0,0,0,0,0,0,0,0,0,0,0,1,0,0,0,0,0,0,0,0,0,0,0,0,0,0,0,0,0,0,0,1,0,0,0,0,0,0,0,0,0,0,0,0,0,0,0,0,0,1,1,1,0,0,0,0,0,0,0,1,0,0,1,0,1,0,1,1,0,0,0,0,0,0,0,0,1,0,1,0,1,0,1,0,0,1,1,0,0,2,0,0,0,1,1,3,1,0,1,2,1,3,0,2,0,2,1,2,2,0,4,2,2,3,1,1,3,3,6,1,4,6,7,5,2,4,7,3,7,3,2,4,6,5,2,4,5,3,8,7,7,5,14,7,5,5,4,6,5,14,4,7,12,14,10,9,15,12,10,11,18,10,15,15,15,18,12,24,12,12,13,21,20,13,26,15,22,18,25,20,25,22,17,28,22,25,26,33,18,21,29,21,25,31,33,27,34,36,40,27,26,46,24,43,27,40,37,50,32,54,35,32,37,51,41,34,42,47,45,44,43,50,47,52,42,57,59,45,58,58,48,53,66,52,48,58,55,54,54,56,63,58,56,79,65,74,60,66,74,79,69,70,89,71,81,82,74,74,78,68,86,83,85,83,94,85,83,101,90,91,95,108,85,108,111,118,120,118,124,109,98,128,102,155,126,134,138,120,149,139,133,145,131,165,143,158,147,139,173,141,166,159,156,187,175,182,164,194,198,167,188,171,208,167,175,180,176,188,192,189,197,183,202,224,188,204,203,199,185,181,196,186,192,189,221,187,189,233,184,206,190,199,198,203,204,186,207,174,178,200,220,178,183,200,192,181,196,202,194,196,194,212,192,155,190,209,181,183,176,197,180,185,196,182,166,162,160,169,183,174,162,152,132,184,152,169,149,155,141,162,164,184,144,164,142,129,118,156,147,149,137,149,127,117,116,140,139,119,136,129,134,137,125,113,120,127,125,133,132,112,114,116,116,109,134,84,120,108,110,123,99,99,104,117,104,99,107,102,100,85,99,106,117,87,80,81,118,99,90,86,110,78,113,91,98,88,88,117,94,88,113,104,98,86,88,96,104,99,92,103,99,84,98,99,91,100,103,96,114,109,90,88,104,99,101,113,101,109,94,111,101,109,98,110,94,118,118,118,105,107,122,102
0,0,0,0,0,0,0,0,0,0,0,0,0,0,0,0,0,0,0,0,0,0,0,0,0,0,0,0,0,0,0,0,0,0,0,0,0,0,0,0,0,0,0,0,0,0,0,0,0,0,0,0,0,0,0,0,0,0,0,0,0,0,0,0,0,0,0,0,0,0,0,0,0,0,0,0,0,0,0,0,0,0,0,0,0,0,0,0,0,0,0,0,0,0,0,0,0,0,0,0,0,0,0,0,0,0,0,0,0,0,0,0,0,0,0,0,0,0,0,0,0,0,0,0,0,0,0,0,0,0,0,0,0,0,0,0,0,0,0,0,0,0,0,0,0,0,0,0,0,0,0,0,0,0,0,0,0,0,0,0,0,0,0,0,0,0,0,0,0,0,0,0,0,0,0,0,0,0,0,0,0,0,0,0,0,0,0,0,0,0,0,0,0,0,0,0,0,0,0,0,0,0,0,0,0,0,0,0,0,0,0,0,0,0,0,0,0,0,0,0,0,0,0,0,0,0,0,0,0,0,0,0,0,0,0,0,0,0,0,0,0,0,0,0,0,0,0,0,0,0,0,0,0,0,0,0,0,0,0,0,0,0,0,0,0,0,0,0,0,0,0,0,0,0,0,0,0,0,0,0,0,0,0,0,0,0,0,0,0,0,0,0,0,0,0,0,0,0,0,0,0,0,0,0,0,0,0,0,0,0,0,0,0,0,0,0,0,0,1,0,0,1,0,0,0,0,0,0,0,0,0,0,0,0,0,0,0,0,0,0,0,0,0,0,0,0,0,0,0,0,0,0,0,0,0,1,0,1,1,0,0,0,0,0,0,1,0,0,0,1,0,1,0,1,0,1,0,0,0,0,0,0,0,0,1,1,2,0,0,1,3,1,0,0,0,3,3,1,1,1,1,2,3,2,2,2,2,2,0,1,2,3,5,4,2,5,4,1,3,3,6,4,3,4,3,5,5,6,8,2,7,0,10,6,4,8,8,5,9,8,6,8,10,14,10,7,9,8,8,12,5,7,8,11,11,8,7,18,12,14,14,10,12,9,12,21,19,20,19,23,16,15,18,18,18,28,12,32,18,29,20,26,27,25,26,28,26,20,33,37,28,17,30,32,31,29,29,23,31,31,34,25,33,33,30,47,47,33,32,46,46,38,40,56,57,59,54,47,53,44,40,45,48,54,48,47,59,42,62,57,50,68,60,72,48,49,74,79,74,53,63,61,65,74,69,71,77,77,55,64,65,84,86,75,65,92,75,75,91,90,88,84,81,95,107,97,103,85,95,92,108,123,102,123,124,101,119,103,127,105,128,115,132,117,147,119,144,143,119,116,137,157,126,144,150,151,147,156,150,153,157,192,144,158,165,176,154,195,188,181,216,194,184,183,193,190,189,195,202,203,202,208,196,207,191,201,189,203,171,205,208,207,199,186,190,190,197,217,216,196,224,192,201,189,196,217,211,171,174,200,192,195,210,207,214,220,190,191,208,176,200,205,191,218,211,176,191,193,181,186,193,173,172,186,190,184,166,186,157,171,174,189,157,160,167,156,152,148,157,168,157,144,112,125,152,133,152,153,155,118,113,134,114,138,152,125,124,137,122,113,127,115,121,112,131,142,107,124,120,113,113,123,111,111,95,102,125,91,105,114,88,105,110,110,107,121,105,102,111,101,102,103,104,106,105,85,115,112,99,74,95,85,97,99,105,102,112,94,109,104,103,100,94,103,89,99,92,93,104,107,103,92,87,96,86,116,101,97,114,108,94,101,110,92,107,100,106,114,111,127,98,109,106,133,96,104,98,125,106,118
0,0,0,0,0,0,0,0,0,0,0,0,0,0,0,0,0,0,0,0,0,0,0,0,0,0,0,0,0,0,0,0,0,0,0,0,0,0,0,0,0,0,0,0,0,0,0,0,0,0,0,0,0,0,0,0,0,0,0,0,0,0,0,0,0,0,0,0,0,0,0,0,0,0,0,0,0,0,0,0,0,0,0,0,0,0,0,0,0,0,0,0,0,0,0,0,0,0,0,0,0,0,0,0,0,0,0,0,0,0,0,0,0,0,0,0,0,0,0,0,0,0,0,0,0,0,0,0,0,0,0,0,0,0,0,0,0,0,0,0,0,0,0,0,0,0,0,0,0,0,0,0,0,0,0,0,0,0,0,0,0,0,0,0,0,0,0,0,0,0,0,0,0,0,0,0,0,0,0,0,0,0,0,0,0,0,0,0,0,0,0,0,0,0,0,0,0,0,0,0,0,0,0,0,0,0,0,0,0,0,0,0,0,0,0,0,0,0,0,0,0,0,0,0,0,0,0,0,0,0,0,0,0,0,0,0,0,0,0,0,0,0,0,0,0,0,0,0,0,0,0,0,0,0,0,0,0,0,0,0,0,0,0,0,0,0,0,0,0,0,0,0,0,0,0,0,0,0,0,0,0,0,0,0,0,0,0,0,0,0,0,0,0,0,0,0,0,0,0,0,0,0,0,0,0,0,0,0,0,0,0,0,0,0,0,0,0,0,1,0,0,0,0,0,0,0,0,0,0,0,0,0,0,1,0,0,0,0,0,0,0,0,0,1,0,0,0,0,0,0,0,0,0,0,0,0,0,0,0,0,0,0,0,0,0,1,0,0,0,0,0,1,0,2,0,0,0,1,1,0,0,1,0,2,0,1,1,1,3,0,0,1,1,1,1,0,1,1,0,1,2,1,2,2,2,3,4,3,2,3,3,8,2,2,4,2,2,3,3,6,2,2,4,5,4,8,3,10,4,10,9,6,10,5,2,10,5,4,5,7,8,11,10,7,8,10,9,10,7,7,9,12,12,11,6,15,22,11,12,17,8,16,19,12,21,17,11,21,10,11,14,20,13,9,16,29,16,22,14,23,20,15,22,25,31,31,30,25,29,27,28,35,28,34,28,27,33,30,30,37,34,44,31,30,37,33,38,35,47,48,32,41,31,38,38,44,51,53,55,40,54,51,55,50,50,48,60,51,59,64,76,65,64,51,65,63,61,56,59,70,56,62,68,53,62,75,75,66,75,66,88,68,68,82,82,89,85,73,76,86,91,91,82,93,96,102,103,102,103,113,122,89,108,98,111,109,112,118,110,134,116,133,128,141,134,137,130,132,142,120,132,143,134,142,142,151,179,143,163,151,171,147,159,182,164,169,197,176,193,180,198,187,189,190,192,182,194,206,193,201,225,184,201,197,195,190,201,198,224,201,220,206,191,206,183,206,204,204,175,195,207,203,173,207,197,195,197,194,175,208,209,225,178,202,211,205,210,181,204,179,193,199,185,216,171,186,187,167,161,203,190,169,194,187,168,182,173,151,175,151,163,177,153,142,150,148,160,153,149,141,140,146,160,149,130,123,114,123,152,135,127,139,136,103,119,136,126,124,117,140,120,120,126,117,118,123,124,129,113,136,114,104,118,110,118,119,118,111,109,113,108,109,97,84,95,93,101,105,109,111,90,94,111,85,94,99,102,100,92,100,93,96,93,103,101,96,103,97,105,96,92,105,86,92,106,115,100,84,117,93,100,126,89,74,88,114,104,123,106,92,99,108,123,92,103,123,102,116,111,82,108,121,122,115,103,103,106,95,105,116
0,0,0,0,0,0,0,0,0,0,0,0,0,0,0,0,0,0,0,0,0,0,0,0,0,0,0,0,0,0,0,0,0,0,0,0,0,0,0,0,0,0,0,0,0,0,0,0,0,0,0,0,0,0,0,0,0,0,0,0,0,0,0,0,0,0,0,0,0,0,0,0,0,0,0,0,0,0,0,0,0,0,0,0,0,0,0,0,0,0,0,0,0,0,0,0,0,0,0,0,0,0,0,0,0,0,0,0,0,0,0,0,0,0,0,0,0,0,0,0,0,0,0,0,0,0,0,0,0,0,0,0,0,0,0,0,0,0,0,0,0,0,0,0,0,0,0,0,0,0,0,0,0,0,0,0,0,0,0,0,0,0,0,0,0,0,0,0,0,0,0,0,0,0,0,0,0,0,0,0,0,0,0,0,0,0,0,0,0,0,0,0,0,0,0,0,0,0,0,0,0,0,0,0,0,0,0,0,0,0,0,0,0,0,0,0,0,0,0,0,0,0,0,0,0,0,0,0,0,0,0,0,0,0,0,0,0,0,0,0,0,0,0,0,0,0,0,0,0,0,0,0,0,0,0,0,0,0,0,0,0,0,0,0,0,0,0,0,0,0,0,0,0,0,0,0,0,0,0,0,0,0,0,0,0,0,0,0,0,0,0,0,0,0,0,0,0,0,0,0,0,0,0,0,0,0,0,0,0,0,0,0,0,0,0,0,0,0,0,0,0,0,0,0,0,0,0,0,0,0,0,0,0,0,0,0,0,0,1,0,0,0,0,0,0,0,1,0,0,0,0,0,1,0,0,0,0,0,0,1,1,0,0,0,0,0,1,0,0,0,1,0,0,0,0,0,0,1,0,1,0,1,0,0,0,3,0,1,2,1,1,0,1,0,2,0,2,4,0,1,0,3,2,1,3,3,7,3,1,3,3,3,2,3,5,1,5,1,5,5,6,10,6,5,7,2,4,5,5,8,5,6,5,9,6,7,5,6,7,8,9,5,6,6,9,9,5,9,4,4,10,11,10,7,7,18,18,8,9,13,17,17,10,12,17,15,13,13,20,16,24,20,24,23,11,17,22,27,18,16,22,20,22,27,17,21,24,25,28,27,23,32,25,29,31,29,31,40,27,31,35,32,35,34,33,42,34,34,31,45,53,49,45,46,40,48,40,54,52,56,47,50,54,52,54,43,49,51,51,62,51,61,58,66,83,62,60,67,52,64,67,78,64,59,75,73,67,81,57,87,69,84,74,74,77,75,88,81,73,80,72,78,83,90,109,99,89,90,103,99,102,115,121,104,101,105,109,97,127,140,119,118,117,143,119,135,124,142,141,135,155,130,142,157,144,142,158,152,152,158,167,162,165,170,165,140,175,195,171,173,166,190,197,192,187,200,196,199,199,163,196,192,201,200,177,212,185,199,217,208,201,209,184,202,182,187,167,196,199,200,204,217,197,182,208,198,169,189,192,179,208,229,208,184,182,207,185,182,208,187,203,196,189,164,217,197,188,173,149,189,184,191,190,152,180,167,158,176,163,172,157,155,148,155,158,180,167,153,150,171,146,145,130,138,157,135,169,135,158,123,146,149,141,116,136,131,118,133,111,123,107,128,124,125,132,138,136,101,107,112,133,115,128,119,121,109,104,98,96,115,103,103,90,114,95,108,102,97,85,90,107,91,100,88,111,103,102,111,87,93,89,89,108,90,104,113,94,115,102,101,89,101,93,98,100,83,83,100,112,86,104,78,96,112,91,94,117,101,104,98,96,107,98,118,99,91,103,117,108,127,91,124,96,117,109,114,105,88,117,108
