ICU_OCC_series1,ICU_OCC_series2,ICU_OCC_series3,ICU_OCC_series4,ICU_OCC_series5,ICU_OCC_series6,ICU_OCC_series7,ICU_OCC_series8,ICU_OCC_series9,ICU_OCC_series10,ICU_OCC_series11,ICU_OCC_series12,ICU_OCC_series13,ICU_OCC_series14,ICU_OCC_series15,ICU_OCC_series16,ICU_OCC_series17,ICU_OCC_series18,ICU_OCC_series19,ICU_OCC_series20,ICU_OCC_series21,ICU_OCC_series22,ICU_OCC_series23,ICU_OCC_series24,ICU_OCC_series25,ICU_OCC_series26,ICU_OCC_series27,ICU_OCC_series28,ICU_OCC_series29,ICU_OCC_series30,ICU_OCC_series31,ICU_OCC_series32,ICU_OCC_series33,ICU_OCC_series34,ICU_OCC_series35,ICU_OCC_series36,ICU_OCC_series37,ICU_OCC_series38,ICU_OCC_series39,ICU_OCC_series40,ICU_OCC_series41,ICU_OCC_series42,ICU_OCC_series43,ICU_OCC_series44,ICU_OCC_series45,ICU_OCC_series46,ICU_OCC_series47,ICU_OCC_series48,ICU_OCC_series49,ICU_OCC_series50,ICU_OCC_series51,ICU_OCC_series52,ICU_OCC_series53,ICU_OCC_series54,ICU_OCC_series55,ICU_OCC_series56,ICU_OCC_series57,ICU_OCC_series58,ICU_OCC_series59,ICU_OCC_series60,ICU_OCC_series61,ICU_OCC_series62,ICU_OCC_series63,ICU_OCC_series64,ICU_OCC_series65,ICU_OCC_series66,ICU_OCC_series67,ICU_OCC_series68,ICU_OCC_series69,ICU_OCC_series70,ICU_OCC_series71,ICU_OCC_series72,ICU_OCC_series73,ICU_OCC_series74,ICU_OCC_series75,ICU_OCC_series76,ICU_OCC_series77,ICU_OCC_series78,ICU_OCC_series79,ICU_OCC_series80,ICU_OCC_series81,ICU_OCC_series82,ICU_OCC_series83,ICU_OCC_series84,ICU_OCC_series85,ICU_OCC_series86,ICU_OCC_series87,ICU_OCC_series88,ICU_OCC_series89,ICU_OCC_series90,ICU_OCC_series91,ICU_OCC_series92,ICU_OCC_series93,ICU_OCC_series94,ICU_OCC_series95,ICU_OCC_series96,ICU_OCC_series97,ICU_OCC_series98,ICU_OCC_series99,ICU_OCC_series100,ICU_OCC_series101,ICU_OCC_series102,ICU_OCC_series103,ICU_OCC_series104,ICU_OCC_series105,ICU_OCC_series106,ICU_OCC_series107,ICU_OCC_series108,ICU_OCC_series109,ICU_OCC_series110,ICU_OCC_series111,ICU_OCC_series112,ICU_OCC_series113,ICU_OCC_series114,ICU_OCC_series115,ICU_OCC_series116,ICU_OCC_series117,ICU_OCC_series118,ICU_OCC_series119,ICU_OCC_series120,ICU_OCC_series121,ICU_OCC_series122,ICU_OCC_series123,ICU_OCC_series124,ICU_OCC_series125,ICU_OCC_series126,ICU_OCC_series127,ICU_OCC_series128,ICU_OCC_series129,ICU_OCC_series130,ICU_OCC_series131,ICU_OCC_series132,ICU_OCC_series133,ICU_OCC_series134,ICU_OCC_series135,ICU_OCC_series136,ICU_OCC_series137,ICU_OCC_series138,ICU_OCC_series139,ICU_OCC_series140,ICU_OCC_series141,ICU_OCC_series142,ICU_OCC_series143,ICU_OCC_series144,ICU_OCC_series145,ICU_OCC_series146,ICU_OCC_series147,ICU_OCC_series148,ICU_OCC_series149,ICU_OCC_series150,ICU_OCC_series151,ICU_OCC_series152,ICU_OCC_series153,ICU_OCC_series154,ICU_OCC_series155,ICU_OCC_series156,ICU_OCC_series157,ICU_OCC_series158,ICU_OCC_series159,ICU_OCC_series160,ICU_OCC_series161,ICU_OCC_series162,ICU_OCC_series163,ICU_OCC_series164,ICU_OCC_series165,ICU_OCC_series166,ICU_OCC_series167,ICU_OCC_series168,ICU_OCC_series169,ICU_OCC_series170,ICU_OCC_series171,ICU_OCC_series172,ICU_OCC_series173,ICU_OCC_series174,ICU_OCC_series175,ICU_OCC_series176,ICU_OCC_series177,ICU_OCC_series178,ICU_OCC_series179,ICU_OCC_series180,ICU_OCC_series181,ICU_OCC_series182,ICU_OCC_series183,ICU_OCC_series184,ICU_OCC_series185,ICU_OCC_series186,ICU_OCC_series187,ICU_OCC_series188,ICU_OCC_series189,ICU_OCC_series190,ICU_OCC_series191,ICU_OCC_series192,ICU_OCC_series193,ICU_OCC_series194,ICU_OCC_series195,ICU_OCC_series196,ICU_OCC_series197,ICU_OCC_series198,ICU_OCC_series199,ICU_OCC_series200,ICU_OCC_series201,ICU_OCC_series202,ICU_OCC_series203,ICU_OCC_series204,ICU_OCC_series205,ICU_OCC_series206,ICU_OCC_series207,ICU_OCC_series208,ICU_OCC_series209,ICU_OCC_series210,ICU_OCC_series211,ICU_OCC_series212,ICU_OCC_series213,ICU_OCC_series214,ICU_OCC_series215,ICU_OCC_series216,ICU_OCC_series217,ICU_OCC_series218,ICU_OCC_series219,ICU_OCC_series220,ICU_OCC_series221,ICU_OCC_series222,ICU_OCC_series223,ICU_OCC_series224,ICU_OCC_series225,ICU_OCC_series226,ICU_OCC_series227,ICU_OCC_series228,ICU_OCC_series229,ICU_OCC_series230,ICU_OCC_series231,ICU_OCC_series232,ICU_OCC_series233,ICU_OCC_series234,ICU_OCC_series235,ICU_OCC_series236,ICU_OCC_series237,ICU_OCC_series238,ICU_OCC_series239,ICU_OCC_series240,ICU_OCC_series241,ICU_OCC_series242,ICU_OCC_series243,ICU_OCC_series244,ICU_OCC_series245,ICU_OCC_series246,ICU_OCC_series247,ICU_OCC_series248,ICU_OCC_series249,ICU_OCC_series250,ICU_OCC_series251,ICU_OCC_series252,ICU_OCC_series253,ICU_OCC_series254,ICU_OCC_series255,ICU_OCC_series256,ICU_OCC_series257,ICU_OCC_series258,ICU_OCC_series259,ICU_OCC_series260,ICU_OCC_series261,ICU_OCC_series262,ICU_OCC_series263,ICU_OCC_series264,ICU_OCC_series265,ICU_OCC_series266,ICU_OCC_series267,ICU_OCC_series268,ICU_OCC_series269,ICU_OCC_series270,ICU_OCC_series271,ICU_OCC_series272,ICU_OCC_series273,ICU_OCC_series274,ICU_OCC_series275,ICU_OCC_series276,ICU_OCC_series277,ICU_OCC_series278,ICU_OCC_series279,ICU_OCC_series280,ICU_OCC_series281,ICU_OCC_series282,ICU_OCC_series283,ICU_OCC_series284,ICU_OCC_series285,ICU_OCC_series286,ICU_OCC_series287,ICU_OCC_series288,ICU_OCC_series289,ICU_OCC_series290,ICU_OCC_series291,ICU_OCC_series292,ICU_OCC_series293,ICU_OCC_series294,ICU_OCC_series295,ICU_OCC_series296,ICU_OCC_series297,ICU_OCC_series298,ICU_OCC_series299,ICU_OCC_series300,ICU_OCC_series301,ICU_OCC_series302,ICU_OCC_series303,ICU_OCC_series304,ICU_OCC_series305,ICU_OCC_series306,ICU_OCC_series307,ICU_OCC_series308,ICU_OCC_series309,ICU_OCC_series310,ICU_OCC_series311,ICU_OCC_series312,ICU_OCC_series313,ICU_OCC_series314,ICU_OCC_series315,ICU_OCC_series316,ICU_OCC_series317,ICU_OCC_series318,ICU_OCC_series319,ICU_OCC_series320,ICU_OCC_series321,ICU_OCC_series322,ICU_OCC_series323,ICU_OCC_series324,ICU_OCC_series325,ICU_OCC_series326,ICU_OCC_series327,ICU_OCC_series328,ICU_OCC_series329,ICU_OCC_series330,ICU_OCC_series331,ICU_OCC_series332,ICU_OCC_series333,ICU_OCC_series334,ICU_OCC_series335,ICU_OCC_series336,ICU_OCC_series337,ICU_OCC_series338,ICU_OCC_series339,ICU_OCC_series340,ICU_OCC_series341,ICU_OCC_series342,ICU_OCC_series343,ICU_OCC_series344,ICU_OCC_series345,ICU_OCC_series346,ICU_OCC_series347,ICU_OCC_series348,ICU_OCC_series349,ICU_OCC_series350,ICU_OCC_series351,ICU_OCC_series352,ICU_OCC_series353,ICU_OCC_series354,ICU_OCC_series355,ICU_OCC_series356,ICU_OCC_series357,ICU_OCC_series358,ICU_OCC_series359,ICU_OCC_series360,ICU_OCC_series361,ICU_OCC_series362,ICU_OCC_series363,ICU_OCC_series364,ICU_OCC_series365,ICU_OCC_series366,ICU_OCC_series367,ICU_OCC_series368,ICU_OCC_series369,ICU_OCC_series370,ICU_OCC_series371,ICU_OCC_series372,ICU_OCC_series373,ICU_OCC_series374,ICU_OCC_series375,ICU_OCC_series376,ICU_OCC_series377,ICU_OCC_series378,ICU_OCC_series379,ICU_OCC_series380,ICU_OCC_series381,ICU_OCC_series382,ICU_OCC_series383,ICU_OCC_series384,ICU_OCC_series385,ICU_OCC_series386,ICU_OCC_series387,ICU_OCC_series388,ICU_OCC_series389,ICU_OCC_series390,ICU_OCC_series391,ICU_OCC_series392,ICU_OCC_series393,ICU_OCC_series394,ICU_OCC_series395,ICU_OCC_series396,ICU_OCC_series397,ICU_OCC_series398,ICU_OCC_series399,ICU_OCC_series400,ICU_OCC_series401,ICU_OCC_series402,ICU_OCC_series403,ICU_OCC_series404,ICU_OCC_series405,ICU_OCC_series406,ICU_OCC_series407,ICU_OCC_series408,ICU_OCC_series409,ICU_OCC_series410,ICU_OCC_series411,ICU_OCC_series412,ICU_OCC_series413,ICU_OCC_series414,ICU_OCC_series415,ICU_OCC_series416,ICU_OCC_series417,ICU_OCC_series418,ICU_OCC_series419,ICU_OCC_series420,ICU_OCC_series421,ICU_OCC_series422,ICU_OCC_series423,ICU_OCC_series424,ICU_OCC_series425,ICU_OCC_series426,ICU_OCC_series427,ICU_OCC_series428,ICU_OCC_series429,ICU_OCC_series430,ICU_OCC_series431,ICU_OCC_series432,ICU_OCC_series433,ICU_OCC_series434,ICU_OCC_series435,ICU_OCC_series436,ICU_OCC_series437,ICU_OCC_series438,ICU_OCC_series439,ICU_OCC_series440,ICU_OCC_series441,ICU_OCC_series442,ICU_OCC_series443,ICU_OCC_series444,ICU_OCC_series445,ICU_OCC_series446,ICU_OCC_series447,ICU_OCC_series448,ICU_OCC_series449,ICU_OCC_series450,ICU_OCC_series451,ICU_OCC_series452,ICU_OCC_series453,ICU_OCC_series454,ICU_OCC_series455,ICU_OCC_series456,ICU_OCC_series457,ICU_OCC_series458,ICU_OCC_series459,ICU_OCC_series460,ICU_OCC_series461,ICU_OCC_series462,ICU_OCC_series463,ICU_OCC_series464,ICU_OCC_series465,ICU_OCC_series466,ICU_OCC_series467,ICU_OCC_series468,ICU_OCC_series469,ICU_OCC_series470,ICU_OCC_series471,ICU_OCC_series472,ICU_OCC_series473,ICU_OCC_series474,ICU_OCC_series475,ICU_OCC_series476,ICU_OCC_series477,ICU_OCC_series478,ICU_OCC_series479,ICU_OCC_series480,ICU_OCC_series481,ICU_OCC_series482,ICU_OCC_series483,ICU_OCC_series484,ICU_OCC_series485,ICU_OCC_series486,ICU_OCC_series487,ICU_OCC_series488,ICU_OCC_series489,ICU_OCC_series490,ICU_OCC_series491,ICU_OCC_series492,ICU_OCC_series493,ICU_OCC_series494,ICU_OCC_series495,ICU_OCC_series496,ICU_OCC_series497,ICU_OCC_series498,ICU_OCC_series499,ICU_OCC_series500,ICU_OCC_series501,ICU_OCC_series502,ICU_OCC_series503,ICU_OCC_series504,ICU_OCC_series505,ICU_OCC_series506,ICU_OCC_series507,ICU_OCC_series508,ICU_OCC_series509,ICU_OCC_series510,ICU_OCC_series511,ICU_OCC_series512,ICU_OCC_series513,ICU_OCC_series514,ICU_OCC_series515,ICU_OCC_series516,ICU_OCC_series517,ICU_OCC_series518,ICU_OCC_series519,ICU_OCC_series520,ICU_OCC_series521,ICU_OCC_series522,ICU_OCC_series523,ICU_OCC_series524,ICU_OCC_series525,ICU_OCC_series526,ICU_OCC_series527,ICU_OCC_series528,ICU_OCC_series529,ICU_OCC_series530,ICU_OCC_series531,ICU_OCC_series532,ICU_OCC_series533,ICU_OCC_series534,ICU_OCC_series535,ICU_OCC_series536,ICU_OCC_series537,ICU_OCC_series538,ICU_OCC_series539,ICU_OCC_series540,ICU_OCC_series541,ICU_OCC_series542,ICU_OCC_series543,ICU_OCC_series544,ICU_OCC_series545,ICU_OCC_series546,ICU_OCC_series547,ICU_OCC_series548,ICU_OCC_series549,ICU_OCC_series550,ICU_OCC_series551,ICU_OCC_series552,ICU_OCC_series553,ICU_OCC_series554,ICU_OCC_series555,ICU_OCC_series556,ICU_OCC_series557,ICU_OCC_series558,ICU_OCC_series559,ICU_OCC_series560,ICU_OCC_series561,ICU_OCC_series562,ICU_OCC_series563,ICU_OCC_series564,ICU_OCC_series565,ICU_OCC_series566,ICU_OCC_series567,ICU_OCC_series568,ICU_OCC_series569,ICU_OCC_series570,ICU_OCC_series571,ICU_OCC_series572,ICU_OCC_series573,ICU_OCC_series574,ICU_OCC_series575,ICU_OCC_series576,ICU_OCC_series577,ICU_OCC_series578,ICU_OCC_series579,ICU_OCC_series580,ICU_OCC_series581,ICU_OCC_series582,ICU_OCC_series583,ICU_OCC_series584,ICU_OCC_series585,ICU_OCC_series586,ICU_OCC_series587,ICU_OCC_series588,ICU_OCC_series589,ICU_OCC_series590,ICU_OCC_series591,ICU_OCC_series592,ICU_OCC_series593,ICU_OCC_series594,ICU_OCC_series595,ICU_OCC_series596,ICU_OCC_series597,ICU_OCC_series598,ICU_OCC_series599,ICU_OCC_series600,ICU_OCC_series601,ICU_OCC_series602,ICU_OCC_series603,ICU_OCC_series604,ICU_OCC_series605,ICU_OCC_series606,ICU_OCC_series607,ICU_OCC_series608,ICU_OCC_series609,ICU_OCC_series610,ICU_OCC_series611,ICU_OCC_series612,ICU_OCC_series613,ICU_OCC_series614,ICU_OCC_series615,ICU_OCC_series616,ICU_OCC_series617,ICU_OCC_series618,ICU_OCC_series619,ICU_OCC_series620,ICU_OCC_series621,ICU_OCC_series622,ICU_OCC_series623,ICU_OCC_series624,ICU_OCC_series625,ICU_OCC_series626,ICU_OCC_series627,ICU_OCC_series628,ICU_OCC_series629,ICU_OCC_series630,ICU_OCC_series631,ICU_OCC_series632,ICU_OCC_series633,ICU_OCC_series634,ICU_OCC_series635,ICU_OCC_series636,ICU_OCC_series637,ICU_OCC_series638,ICU_OCC_series639,ICU_OCC_series640,ICU_OCC_series641,ICU_OCC_series642,ICU_OCC_series643,ICU_OCC_series644,ICU_OCC_series645,ICU_OCC_series646,ICU_OCC_series647,ICU_OCC_series648,ICU_OCC_series649,ICU_OCC_series650,ICU_OCC_series651,ICU_OCC_series652,ICU_OCC_series653,ICU_OCC_series654,ICU_OCC_series655,ICU_OCC_series656,ICU_OCC_series657,ICU_OCC_series658,ICU_OCC_series659,ICU_OCC_series660,ICU_OCC_series661,ICU_OCC_series662,ICU_OCC_series663,ICU_OCC_series664,ICU_OCC_series665,ICU_OCC_series666,ICU_OCC_series667,ICU_OCC_series668,ICU_OCC_series669,ICU_OCC_series670,ICU_OCC_series671,ICU_OCC_series672,ICU_OCC_series673,ICU_OCC_series674,ICU_OCC_series675,ICU_OCC_series676,ICU_OCC_series677,ICU_OCC_series678,ICU_OCC_series679,ICU_OCC_series680,ICU_OCC_series681,ICU_OCC_series682,ICU_OCC_series683,ICU_OCC_series684,ICU_OCC_series685,ICU_OCC_series686,ICU_OCC_series687,ICU_OCC_series688,ICU_OCC_series689,ICU_OCC_series690,ICU_OCC_series691,ICU_OCC_series692,ICU_OCC_series693,ICU_OCC_series694,ICU_OCC_series695,ICU_OCC_series696,ICU_OCC_series697,ICU_OCC_series698,ICU_OCC_series699,ICU_OCC_series700,ICU_OCC_series701,ICU_OCC_series702,ICU_OCC_series703,ICU_OCC_series704,ICU_OCC_series705,ICU_OCC_series706,ICU_OCC_series707,ICU_OCC_series708,ICU_OCC_series709,ICU_OCC_series710,ICU_OCC_series711,ICU_OCC_series712,ICU_OCC_series713,ICU_OCC_series714,ICU_OCC_series715,ICU_OCC_series716,ICU_OCC_series717,ICU_OCC_series718,ICU_OCC_series719,ICU_OCC_series720,ICU_OCC_series721,ICU_OCC_series722,ICU_OCC_series723,ICU_OCC_series724,ICU_OCC_series725,ICU_OCC_series726,ICU_OCC_series727,ICU_OCC_series728,ICU_OCC_series729,ICU_OCC_series730,ICU_OCC_series731,ICU_OCC_series732,ICU_OCC_series733,ICU_OCC_series734,ICU_OCC_series735,ICU_OCC_series736,ICU_OCC_series737,ICU_OCC_series738,ICU_OCC_series739,ICU_OCC_series740,ICU_OCC_series741,ICU_OCC_series742,ICU_OCC_series743,ICU_OCC_series744,ICU_OCC_series745,ICU_OCC_series746,ICU_OCC_series747,ICU_OCC_series748,ICU_OCC_series749,ICU_OCC_series750,ICU_OCC_series751,ICU_OCC_series752,ICU_OCC_series753,ICU_OCC_series754,ICU_OCC_series755,ICU_OCC_series756,ICU_OCC_series757,ICU_OCC_series758,ICU_OCC_series759,ICU_OCC_series760,ICU_OCC_series761,ICU_OCC_series762,ICU_OCC_series763,ICU_OCC_series764,ICU_OCC_series765,ICU_OCC_series766,ICU_OCC_series767,ICU_OCC_series768,ICU_OCC_series769,ICU_OCC_series770,ICU_OCC_series771,ICU_OCC_series772,ICU_OCC_series773,ICU_OCC_series774,ICU_OCC_series775,ICU_OCC_series776,ICU_OCC_series777,ICU_OCC_series778,ICU_OCC_series779,ICU_OCC_series780,ICU_OCC_series781,ICU_OCC_series782,ICU_OCC_series783,ICU_OCC_series784,ICU_OCC_series785,ICU_OCC_series786,ICU_OCC_series787,ICU_OCC_series788,ICU_OCC_series789,ICU_OCC_series790,ICU_OCC_series791,ICU_OCC_series792,ICU_OCC_series793,ICU_OCC_series794,ICU_OCC_series795,ICU_OCC_series796,ICU_OCC_series797,ICU_OCC_series798,ICU_OCC_series799,ICU_OCC_series800
0,0,0,0,0,0,0,0,0,0,0,0,0,0,0,0,0,0,0,0,0,0,0,0,0,0,0,0,0,0,0,0,0,0,0,0,0,0,0,0,0,0,0,0,0,0,0,0,0,0,0,0,0,0,0,0,0,0,0,0,0,0,0,0,0,0,0,0,0,0,0,0,0,0,0,0,0,0,0,0,0,0,0,0,0,0,0,0,0,0,0,0,0,0,0,0,0,0,0,0,0,0,0,0,0,0,0,0,0,0,0,0,0,0,0,0,0,0,0,0,0,0,0,0,0,0,0,0,0,0,0,0,0,0,0,0,0,0,0,0,0,0,0,0,0,0,0,0,0,0,0,0,0,0,0,0,0,0,0,0,0,0,0,0,0,0,0,0,0,0,0,0,0,0,0,0,0,0,0,0,0,0,0,0,0,0,0,0,0,0,0,0,0,0,0,0,0,0,0,0,0,0,0,0,0,0,0,0,0,0,0,0,0,0,0,0,0,0,0,0,0,0,0,0,0,0,0,0,0,0,0,0,0,0,0,0,0,0,0,0,0,0,0,0,0,0,0,0,0,0,0,0,0,0,0,0,0,0,0,0,0,0,0,0,0,0,0,0,0,0,0,0,0,0,0,0,0,0,0,0,0,0,0,0,0,0,0,0,0,0,0,0,0,0,0,0,0,0,0,0,0,0,0,0,0,0,0,0,0,0,0,0,0,0,0,0,0,0,0,0,0,0,0,0,0,0,0,0,0,0,0,0,0,0,0,0,0,0,0,1,1,1,1,1,1,1,1,1,2,2,2,2,2,1,1,2,2,1,1,1,1,1,1,1,1,1,1,1,1,1,1,1,2,2,2,2,3,4,1,2,1,2,3,5,6,7,8,8,7,5,7,10,9,9,9,8,9,12,12,9,10,13,16,20,16,15,14,15,12,13,13,20,22,26,24,19,20,20,20,20,24,25,27,28,30,33,35,39,43,42,45,43,49,54,52,47,51,55,57,55,62,60,61,63,72,77,79,80,81,80,81,82,84,94,95,103,114,119,123,126,137,145,147,143,145,152,157,156,157,152,163,176,172,174,179,188,201,200,205,208,195,198,211,222,218,225,217,220,223,217,227,234,229,224,234,232,236,238,249,254,260,256,255,254,268,272,264,283,288,292,304,306,312,321,333,342,341,344,353,358,356,354,359,382,389,403,412,415,426,433,432,444,443,443,444,461,451,458,467,493,485,486,482,498,491,496,499,520,538,541,552,550,562,571,584,604,613,630,640,644,661,674,688,671,679,694,727,722,719,752,772,783,807,816,818,852,873,888,900,906,939,955,958,962,989,1001,1033,1042,1054,1056,1066,1077,1079,1115,1108,1114,1123,1136,1128,1141,1162,1190,1201,1202,1206,1221,1255,1259,1277,1262,1267,1288,1292,1300,1324,1309,1323,1339,1349,1359,1351,1375,1370,1373,1379,1366,1371,1369,1387,1381,1400,1378,1365,1384,1391,1360,1384,1382,1377,1370,1347,1338,1353,1320,1294,1310,1312,1321,1334,1326,1332,1313,1305,1280,1282,1261,1246,1222,1217,1224,1241,1218,1197,1220,1219,1195,1167,1167,1175,1163,1168,1149,1130,1125,1134,1093,1088,1064,1042,1046,1018,997,989,995,994,978,973,971,948,950,950,911,928,916,905,892,884,902,895,880,881,856,859,830,829,824,825,818,812,816,823,816,817,814,794,789,775,775,756,726,720,732,715,721,714,711,714,715,695,679,666,651,658,652,646,662,641,640,645,660,655,647,669,644,654,655,667,664,666,667,659,662,649,659,647,636,638,641,617,620,624,610,622,601,615,641,636,644,654,656,666,668,661,663,651,666,658,658,666,679,661,669,659,656,651,663,671,672,682,702,699,709,688,697,700,697,701,705,706,698
0,0,0,0,0,0,0,0,0,0,0,0,0,0,0,0,0,0,0,0,0,0,0,0,0,0,0,0,0,0,0,0,0,0,0,0,0,0,0,0,0,0,0,0,0,0,0,0,0,0,0,0,0,0,0,0,0,0,0,0,0,0,0,0,0,0,0,0,0,0,0,0,0,0,0,0,0,0,0,0,0,0,0,0,0,0,0,0,0,0,0,0,0,0,0,0,0,0,0,0,0,0,0,0,0,0,0,0,0,0,0,0,0,0,0,0,0,0,0,0,0,0,0,0,0,0,0,0,0,0,0,0,0,0,0,0,0,0,0,0,0,0,0,0,0,0,0,0,0,0,0,0,0,0,0,0,0,0,0,0,0,0,0,0,0,0,0,0,0,0,0,0,0,0,0,0,0,0,0,0,0,0,0,0,0,0,0,0,0,0,0,0,0,0,0,0,0,0,0,0,0,0,0,0,0,0,0,0,0,0,0,0,0,0,0,0,0,0,0,0,0,0,0,0,0,0,0,0,0,0,0,0,0,0,0,0,0,0,0,0,0,0,0,0,0,0,0,0,0,0,0,0,0,0,0,0,0,0,0,0,0,0,0,0,0,0,0,0,0,0,0,0,0,0,0,0,0,0,0,0,0,0,0,0,0,0,0,0,0,0,0,0,0,0,0,0,0,0,0,0,0,0,0,0,0,0,0,0,0,0,0,0,0,0,0,1,1,1,0,0,0,0,0,0,0,0,0,0,0,0,0,0,0,0,0,0,0,1,1,1,2,2,3,2,2,0,1,1,1,1,1,1,1,1,2,2,2,2,2,2,2,2,2,2,2,2,2,2,3,3,5,6,6,7,7,9,8,6,6,5,4,5,8,8,8,8,8,10,10,11,11,10,8,7,7,12,13,16,16,14,16,15,19,17,21,20,21,23,22,22,21,22,28,28,28,33,32,30,35,35,35,39,40,39,41,36,38,40,39,42,41,44,47,53,55,55,59,61,59,68,67,60,63,69,68,72,77,85,80,85,91,92,101,100,108,104,110,119,119,121,123,121,118,122,130,128,135,142,142,139,133,127,129,136,135,137,139,141,140,147,148,150,149,145,158,161,169,181,184,179,179,191,189,194,206,215,217,216,225,238,257,258,268,279,282,291,295,298,306,315,308,313,323,324,341,335,347,365,372,374,379,382,368,360,364,371,376,386,388,399,403,422,433,443,460,468,488,485,497,503,507,519,534,552,542,546,546,547,543,545,548,559,572,588,581,580,591,608,641,658,678,673,698,711,714,736,730,741,754,774,760,766,778,808,814,822,837,847,843,862,907,932,944,932,951,945,957,1001,1039,1050,1065,1070,1069,1093,1129,1120,1114,1100,1100,1134,1150,1163,1178,1201,1239,1262,1275,1259,1277,1265,1262,1262,1291,1293,1298,1280,1269,1252,1239,1276,1286,1276,1254,1242,1239,1256,1262,1269,1273,1304,1328,1333,1347,1335,1339,1327,1337,1365,1350,1328,1316,1331,1324,1330,1312,1312,1307,1294,1295,1276,1291,1265,1263,1262,1276,1292,1248,1231,1234,1225,1228,1187,1186,1186,1171,1162,1158,1177,1165,1163,1185,1183,1162,1152,1134,1131,1104,1061,1048,1010,1000,1016,1000,999,994,972,978,984,978,955,942,948,944,921,891,880,841,816,818,829,821,820,811,803,785,772,751,755,770,788,789,804,820,808,800,776,766,766,742,730,713,692,702,701,685,667,656,647,644,634,630,609,595,594,586,582,577,574,557,569,570,584,596,597,613,607,605,594,597,586,606,617,621,620,607,607,599,596,588,614,608,636,649,634,635,628,636,625,636,651,641,646,648,652,638,628,622,622,621,624,630,624,628,633,635,632,643,656,662,665,664,663,673,686,692,695,692,691,703,697
0,0,0,0,0,0,0,0,0,0,0,0,0,0,0,0,0,0,0,0,0,0,0,0,0,0,0,0,0,0,0,0,0,0,0,0,0,0,0,0,0,0,0,0,0,0,0,0,0,0,0,0,0,0,0,0,0,0,0,0,0,0,0,0,0,0,0,0,0,0,0,0,0,0,0,0,0,0,0,0,0,0,0,0,0,0,0,0,0,0,0,0,0,0,0,0,0,0,0,0,0,0,0,0,0,0,0,0,0,0,0,0,0,0,0,0,0,0,0,0,0,0,0,0,0,0,0,0,0,0,0,0,0,0,0,0,0,0,0,0,0,0,0,0,0,0,0,0,0,0,0,0,0,0,0,0,0,0,0,0,0,0,0,0,0,0,0,0,0,0,0,0,0,0,0,0,0,0,0,0,0,0,0,0,0,0,0,0,0,0,0,0,0,0,0,0,0,0,0,0,0,0,0,0,0,0,0,0,0,0,0,0,0,0,0,0,0,0,0,0,0,0,0,0,0,0,0,0,0,0,0,0,0,0,0,0,0,0,0,0,0,0,0,0,0,0,0,0,0,0,0,0,0,0,0,0,0,0,0,0,0,0,0,0,0,0,0,0,0,0,0,0,0,0,0,0,0,0,0,0,0,0,0,0,0,0,0,0,0,0,0,0,0,0,0,0,0,0,0,0,0,0,0,0,0,0,0,0,0,0,0,0,0,0,0,0,0,0,0,0,0,0,0,0,0,0,0,1,1,1,1,1,1,1,1,1,1,1,1,1,1,0,0,1,0,0,0,0,0,0,0,0,0,0,1,1,2,2,1,2,1,2,2,2,4,3,3,2,2,4,5,5,5,4,3,2,2,4,3,3,4,3,3,2,5,8,8,9,9,12,14,14,13,15,16,15,16,16,16,13,14,14,15,13,13,11,14,14,13,17,20,20,22,21,24,24,25,27,30,28,26,23,25,30,38,40,34,36,39,40,45,48,56,57,59,51,55,59,63,63,65,65,63,65,62,67,75,66,71,75,76,88,85,88,85,93,100,108,114,123,132,121,132,135,133,124,119,118,125,130,134,135,137,141,142,146,148,145,148,146,157,155,162,178,187,190,196,196,208,204,208,218,207,217,219,216,224,230,232,238,229,236,244,252,243,252,254,257,270,289,298,293,304,309,330,334,333,336,356,364,364,369,364,376,372,360,342,344,345,356,382,375,383,406,402,404,401,413,422,440,451,469,477,484,480,476,459,475,493,503,521,543,541,548,538,544,559,586,586,595,606,631,635,633,645,648,668,658,646,661,674,679,713,738,756,767,789,793,804,834,844,851,874,869,882,913,946,945,934,943,928,966,988,1007,993,998,1002,1010,1020,1048,1077,1082,1087,1103,1123,1114,1123,1128,1152,1177,1158,1182,1199,1202,1233,1218,1218,1235,1236,1218,1220,1228,1233,1239,1242,1239,1236,1248,1232,1231,1223,1265,1249,1249,1239,1229,1198,1217,1220,1255,1275,1273,1287,1252,1229,1244,1246,1241,1220,1200,1214,1188,1205,1179,1171,1175,1161,1171,1152,1165,1190,1204,1190,1183,1176,1150,1117,1073,1089,1085,1088,1070,1075,1050,1024,1012,1010,972,961,945,940,951,944,928,926,944,921,899,880,850,817,803,796,797,809,798,797,784,784,785,780,780,784,780,766,760,740,720,718,717,690,673,684,683,697,690,686,670,668,649,657,663,668,657,653,651,635,619,612,611,593,573,578,560,555,546,563,582,577,572,567,572,594,587,597,586,592,584,574,565,576,576,584,589,590,585,583,584,584,581,581,588,586,594,583,593,589,578,572,552,565,563,568,559,582,577,584,580,575,578,586,575,573,577,587,585,557,574,570,553,558,530,532,547,543,572,582,599,611,649
0,0,0,0,0,0,0,0,0,0,0,0,0,0,0,0,0,0,0,0,0,0,0,0,0,0,0,0,0,0,0,0,0,0,0,0,0,0,0,0,0,0,0,0,0,0,0,0,0,0,0,0,0,0,0,0,0,0,0,0,0,0,0,0,0,0,0,0,0,0,0,0,0,0,0,0,0,0,0,0,0,0,0,0,0,0,0,0,0,0,0,0,0,0,0,0,0,0,0,0,0,0,0,0,0,0,0,0,0,0,0,0,0,0,0,0,0,0,0,0,0,0,0,0,0,0,0,0,0,0,0,0,0,0,0,0,0,0,0,0,0,0,0,0,0,0,0,0,0,0,0,0,0,0,0,0,0,0,0,0,0,0,0,0,0,0,0,0,0,0,0,0,0,0,0,0,0,0,0,0,0,0,0,0,0,0,0,0,0,0,0,0,0,0,0,0,0,0,0,0,0,0,0,0,0,0,0,0,0,0,0,0,0,0,0,0,0,0,0,0,0,0,0,0,0,0,0,0,0,0,0,0,0,0,0,0,0,0,0,0,0,0,0,0,0,0,0,0,0,0,0,0,0,0,0,0,0,0,0,0,0,0,0,0,0,0,0,0,0,0,0,0,0,0,0,0,0,0,0,0,0,0,0,0,0,0,0,0,0,0,0,0,0,0,0,0,0,0,0,0,0,0,0,0,0,0,0,0,0,0,0,0,0,0,0,0,1,2,2,2,1,0,0,0,0,0,0,0,0,0,0,0,0,0,0,0,0,0,0,0,0,0,0,0,0,0,0,0,0,0,0,0,0,1,1,1,1,1,1,1,1,1,2,2,3,3,3,4,4,4,4,4,4,5,5,5,5,5,7,8,8,8,10,9,7,7,7,8,9,11,12,13,12,11,10,10,9,8,9,8,12,12,18,21,21,23,25,26,25,26,29,34,33,33,34,34,34,39,41,42,40,43,45,54,55,57,55,57,56,53,56,59,56,55,59,61,68,67,70,77,85,92,84,87,84,82,86,78,86,94,97,111,115,118,115,130,134,130,135,141,143,144,148,158,152,152,155,161,172,180,183,177,181,174,190,194,188,194,198,195,198,207,209,209,208,224,227,229,235,244,244,239,250,263,259,269,272,287,292,300,299,299,304,289,291,289,295,307,326,332,337,342,332,347,352,370,365,377,387,385,399,392,419,404,406,426,425,434,433,460,477,496,492,501,504,510,493,495,510,520,521,527,532,541,539,549,568,579,603,619,621,629,632,666,660,658,647,657,685,700,733,725,739,748,781,799,826,824,818,844,855,860,850,866,877,892,904,909,924,962,989,1010,1015,1034,1043,1045,1055,1081,1093,1136,1116,1136,1177,1174,1192,1199,1217,1224,1263,1268,1288,1308,1334,1374,1367,1348,1351,1332,1376,1361,1381,1400,1423,1440,1441,1426,1435,1447,1446,1449,1466,1442,1458,1447,1444,1454,1457,1453,1460,1467,1476,1459,1486,1498,1505,1515,1522,1513,1535,1509,1490,1479,1480,1476,1470,1460,1471,1459,1450,1416,1397,1392,1374,1383,1360,1335,1322,1340,1346,1329,1335,1347,1352,1360,1358,1338,1314,1302,1274,1287,1269,1261,1268,1266,1275,1285,1260,1218,1233,1204,1184,1173,1153,1129,1142,1150,1143,1121,1101,1089,1089,1081,1056,1031,1013,1013,1025,1023,1004,1002,999,988,996,988,984,955,934,954,937,938,921,914,908,901,896,899,863,845,821,804,779,785,776,779,793,782,795,786,773,778,789,779,790,773,770,739,729,698,692,691,693,680,664,675,684,683,678,671,684,680,687,692,703,696,686,668,647,653,639,636,633,631,647,630,633,633,626,649,661,666,661,656,671,662,678,658,667,640,651,667,670,679,681,685,675,676,684,703,707,696,709,725,719,741,752,781,763,765,752,758
0,0,0,0,0,0,0,0,0,0,0,0,0,0,0,0,0,0,0,0,0,0,0,0,0,0,0,0,0,0,0,0,0,0,0,0,0,0,0,0,0,0,0,0,0,0,0,0,0,0,0,0,0,0,0,0,0,0,0,0,0,0,0,0,0,0,0,0,0,0,0,0,0,0,0,0,0,0,0,0,0,0,0,0,0,0,0,0,0,0,0,0,0,0,0,0,0,0,0,0,0,0,0,0,0,0,0,0,0,0,0,0,0,0,0,0,0,0,0,0,0,0,0,0,0,0,0,0,0,0,0,0,0,0,0,0,0,0,0,0,0,0,0,0,0,0,0,0,0,0,0,0,0,0,0,0,0,0,0,0,0,0,0,0,0,0,0,0,0,0,0,0,0,0,0,0,0,0,0,0,0,0,0,0,0,0,0,0,0,0,0,0,0,0,0,0,0,0,0,0,0,0,0,0,0,0,0,0,0,0,0,0,0,0,0,0,0,0,0,0,0,0,0,0,0,0,0,0,0,0,0,0,0,0,0,0,0,0,0,0,0,0,0,0,0,0,0,0,0,0,0,0,0,0,0,0,0,0,0,0,0,0,0,0,0,0,0,0,0,0,0,0,0,0,0,0,0,0,0,0,0,0,0,0,0,0,0,0,0,0,0,0,0,0,0,0,0,0,0,0,0,0,0,0,0,0,0,0,0,0,0,0,0,0,0,0,0,0,0,1,1,1,1,1,0,0,0,0,0,0,0,0,0,0,0,0,1,2,2,2,2,1,1,0,0,0,0,0,0,0,0,0,0,0,0,0,0,0,0,3,3,2,3,5,3,3,3,3,2,2,2,3,2,3,3,5,7,9,8,9,9,7,6,8,6,8,9,9,12,10,9,10,10,11,8,9,9,12,12,12,12,14,12,13,16,19,19,18,19,23,23,21,21,22,26,26,24,22,24,22,20,19,18,20,20,26,29,28,30,32,27,25,28,26,38,40,41,42,48,52,56,62,63,59,63,65,70,79,81,81,88,85,75,79,88,85,87,93,103,120,113,116,127,135,133,135,144,148,148,148,143,138,144,144,151,160,163,172,164,172,175,174,179,186,185,185,190,196,201,201,212,226,226,221,224,228,237,244,239,250,252,248,256,258,270,283,300,299,297,296,306,302,297,298,295,293,321,326,329,327,330,325,323,342,351,364,361,370,375,391,405,411,408,405,413,414,420,427,437,434,452,451,464,460,468,491,486,505,507,521,551,549,540,543,549,554,571,573,596,617,624,621,635,641,652,660,693,679,694,713,734,758,770,793,778,769,789,805,786,785,791,806,833,861,898,918,924,939,948,952,941,1001,994,984,986,979,1006,1018,1063,1066,1078,1096,1112,1129,1123,1138,1147,1163,1168,1167,1184,1221,1250,1251,1262,1269,1272,1267,1279,1285,1281,1287,1267,1278,1280,1248,1251,1268,1266,1257,1281,1269,1265,1270,1280,1268,1258,1258,1237,1220,1212,1228,1214,1232,1247,1237,1219,1206,1211,1201,1201,1204,1202,1199,1187,1187,1172,1152,1129,1118,1118,1112,1090,1080,1079,1077,1066,1040,1026,1039,1049,1054,1028,1015,1033,1014,1013,1011,1007,1007,987,988,965,955,927,910,907,891,890,878,846,858,839,842,836,827,818,798,756,763,769,751,764,775,761,769,758,729,742,762,750,767,755,759,751,730,714,720,729,721,719,706,675,660,641,637,602,603,599,598,600,588,584,573,576,571,569,560,568,587,596,590,588,606,602,599,607,627,635,629,616,606,613,601,599,606,575,569,561,539,542,536,544,535,530,509,521,527,529,539,550,556,571,597,593,586,566,551,561,582,593,582,570,561,541,529,536,573,578,595,601,623,637,662,695,709,710,708,689,677
0,0,0,0,0,0,0,0,0,0,0,0,0,0,0,0,0,0,0,0,0,0,0,0,0,0,0,0,0,0,0,0,0,0,0,0,0,0,0,0,0,0,0,0,0,0,0,0,0,0,0,0,0,0,0,0,0,0,0,0,0,0,0,0,0,0,0,0,0,0,0,0,0,0,0,0,0,0,0,0,0,0,0,0,0,0,0,0,0,0,0,0,0,0,0,0,0,0,0,0,0,0,0,0,0,0,0,0,0,0,0,0,0,0,0,0,0,0,0,0,0,0,0,0,0,0,0,0,0,0,0,0,0,0,0,0,0,0,0,0,0,0,0,0,0,0,0,0,0,0,0,0,0,0,0,0,0,0,0,0,0,0,0,0,0,0,0,0,0,0,0,0,0,0,0,0,0,0,0,0,0,0,0,0,0,0,0,0,0,0,0,0,0,0,0,0,0,0,0,0,0,0,0,0,0,0,0,0,0,0,0,0,0,0,0,0,0,0,0,0,0,0,0,0,0,0,0,0,0,0,0,0,0,0,0,0,0,0,0,0,0,0,0,0,0,0,0,0,0,0,0,0,0,0,0,0,0,0,0,0,0,0,0,0,0,0,0,0,0,0,0,0,0,0,0,0,0,0,0,0,0,0,0,0,0,0,0,0,0,0,0,0,0,0,0,0,0,0,0,0,0,0,0,0,0,0,0,0,0,0,0,0,0,0,0,0,0,0,0,0,0,0,0,0,0,0,0,0,0,0,0,0,0,0,0,0,0,0,0,0,0,0,0,0,0,0,1,1,1,1,1,1,2,2,2,2,2,3,3,2,2,1,2,2,3,3,3,4,6,6,6,8,9,9,8,9,6,6,6,7,6,6,5,7,8,9,6,4,4,5,8,8,9,9,9,9,8,7,8,10,12,12,12,13,15,18,19,21,24,25,20,21,20,18,20,20,21,21,18,20,22,21,22,29,32,29,30,32,36,40,40,42,43,44,45,48,46,48,46,44,49,52,55,59,55,63,71,71,68,77,84,89,89,95,103,97,102,105,104,113,115,115,114,113,111,114,122,121,123,131,134,137,140,144,144,148,147,154,160,160,166,173,174,181,188,202,206,197,208,205,211,214,204,202,205,222,231,239,239,225,228,230,235,237,241,249,254,245,249,277,293,288,300,290,302,326,326,328,320,320,313,314,330,338,343,360,366,394,396,391,392,396,405,411,432,450,469,468,474,482,472,468,469,474,479,482,500,503,516,515,521,552,555,577,569,564,552,573,603,612,604,615,611,620,615,654,681,690,676,708,730,706,720,731,733,766,748,769,795,813,795,787,816,832,851,849,874,882,867,883,907,917,942,976,1011,1032,1038,1051,1060,1080,1093,1114,1116,1128,1128,1118,1132,1135,1151,1167,1183,1193,1207,1206,1222,1193,1219,1207,1210,1246,1268,1282,1251,1263,1266,1274,1319,1335,1317,1327,1307,1291,1291,1273,1283,1271,1252,1236,1239,1222,1171,1175,1167,1156,1153,1166,1161,1128,1118,1113,1097,1096,1085,1079,1086,1089,1080,1084,1079,1099,1107,1133,1112,1113,1101,1084,1068,1048,1035,1032,1022,1012,1016,1016,1002,1002,1002,963,942,927,934,918,900,905,911,913,882,865,852,848,846,829,822,805,792,778,764,762,763,738,728,722,719,741,743,745,732,723,704,678,685,670,651,657,651,646,623,624,615,591,592,586,575,557,565,553,535,537,521,529,529,547,554,550,560,572,580,583,580,590,592,598,583,585,582,583,588,591,585,562,560,574,557,545,546,569,578,577,571,575,575,576,555,558,573,570,575,564,563,564,558,561,579,575,560,558,565,587,609,604,592,583,604,609,611,593,585,581,572,588,604,626,631,642,648,640,631,636,627,644
0,0,0,0,0,0,0,0,0,0,0,0,0,0,0,0,0,0,0,0,0,0,0,0,0,0,0,0,0,0,0,0,0,0,0,0,0,0,0,0,0,0,0,0,0,0,0,0,0,0,0,0,0,0,0,0,0,0,0,0,0,0,0,0,0,0,0,0,0,0,0,0,0,0,0,0,0,0,0,0,0,0,0,0,0,0,0,0,0,0,0,0,0,0,0,0,0,0,0,0,0,0,0,0,0,0,0,0,0,0,0,0,0,0,0,0,0,0,0,0,0,0,0,0,0,0,0,0,0,0,0,0,0,0,0,0,0,0,0,0,0,0,0,0,0,0,0,0,0,0,0,0,0,0,0,0,0,0,0,0,0,0,0,0,0,0,0,0,0,0,0,0,0,0,0,0,0,0,0,0,0,0,0,0,0,0,0,0,0,0,0,0,0,0,0,0,0,0,0,0,0,0,0,0,0,0,0,0,0,0,0,0,0,0,0,0,0,0,0,0,0,0,0,0,0,0,0,0,0,0,0,0,0,0,0,0,0,0,0,0,0,0,0,0,0,0,0,0,0,0,0,0,0,0,0,0,0,0,0,0,0,0,0,0,0,0,0,0,0,0,0,0,0,0,0,0,0,0,0,0,0,0,0,0,0,0,0,0,0,0,0,0,0,0,0,0,0,0,0,0,0,0,0,0,0,0,0,0,0,0,0,0,0,0,0,0,0,0,0,2,2,2,2,2,2,2,2,1,1,0,0,0,0,0,0,0,0,0,0,0,0,0,0,0,0,0,1,1,1,1,0,0,1,1,1,2,2,3,2,2,3,4,4,4,4,5,5,5,6,5,5,5,7,8,7,6,6,6,6,7,6,7,8,11,14,11,9,9,9,7,8,9,9,9,11,9,10,10,10,11,11,11,11,15,18,17,17,16,19,18,21,18,17,15,15,17,21,20,20,23,22,26,28,29,34,36,35,33,35,42,41,45,51,50,57,58,64,60,61,64,71,67,66,68,67,78,80,79,83,82,83,87,97,98,110,109,110,114,115,127,131,130,130,130,130,128,127,132,124,132,136,143,144,151,155,154,165,177,180,201,206,219,224,226,230,251,253,246,250,257,266,271,279,275,267,269,291,296,294,285,286,282,288,289,300,305,317,310,318,321,315,309,299,308,317,323,325,341,364,372,372,373,375,388,381,385,381,374,391,386,395,414,408,420,412,433,444,459,479,488,506,523,513,519,534,523,513,510,519,532,531,557,563,566,558,575,589,597,614,632,652,664,660,664,688,710,723,713,727,726,756,799,822,835,849,865,852,878,883,901,917,944,955,952,987,988,984,1000,1011,1031,1067,1054,1060,1075,1095,1127,1144,1133,1167,1143,1132,1138,1162,1170,1180,1192,1212,1237,1252,1269,1271,1272,1277,1302,1319,1356,1368,1342,1363,1356,1358,1341,1353,1346,1338,1346,1359,1352,1346,1391,1395,1397,1401,1412,1412,1381,1351,1359,1369,1366,1394,1393,1394,1417,1401,1394,1361,1336,1330,1321,1305,1298,1302,1301,1287,1305,1298,1289,1297,1278,1263,1225,1211,1195,1197,1187,1192,1180,1155,1138,1127,1097,1073,1055,1059,1032,1059,1049,1046,1036,1056,1024,1022,1014,1012,990,970,986,961,951,938,955,931,920,942,927,911,918,873,895,887,876,865,845,844,842,836,834,810,805,783,788,777,759,735,739,730,729,732,723,707,712,704,688,696,689,689,674,658,658,649,614,594,598,610,598,613,613,607,592,579,579,584,587,590,610,616,615,597,597,592,582,592,589,580,604,603,605,617,621,612,613,612,586,599,596,597,611,597,603,610,638,648,664,665,653,657,643,625,623,614,621,628,631,649,665,671,677,671,684,678,684,686,687,689,702,719,748,721,721
0,0,0,0,0,0,0,0,0,0,0,0,0,0,0,0,0,0,0,0,0,0,0,0,0,0,0,0,0,0,0,0,0,0,0,0,0,0,0,0,0,0,0,0,0,0,0,0,0,0,0,0,0,0,0,0,0,0,0,0,0,0,0,0,0,0,0,0,0,0,0,0,0,0,0,0,0,0,0,0,0,0,0,0,0,0,0,0,0,0,0,0,0,0,0,0,0,0,0,0,0,0,0,0,0,0,0,0,0,0,0,0,0,0,0,0,0,0,0,0,0,0,0,0,0,0,0,0,0,0,0,0,0,0,0,0,0,0,0,0,0,0,0,0,0,0,0,0,0,0,0,0,0,0,0,0,0,0,0,0,0,0,0,0,0,0,0,0,0,0,0,0,0,0,0,0,0,0,0,0,0,0,0,0,0,0,0,0,0,0,0,0,0,0,0,0,0,0,0,0,0,0,0,0,0,0,0,0,0,0,0,0,0,0,0,0,0,0,0,0,0,0,0,0,0,0,0,0,0,0,0,0,0,0,0,0,0,0,0,0,0,0,0,0,0,0,0,0,0,0,0,0,0,0,0,0,0,0,0,0,0,0,0,0,0,0,0,0,0,0,0,0,0,0,0,0,0,0,0,0,0,0,0,0,0,0,0,0,0,0,0,0,0,0,0,0,0,0,0,0,0,0,0,0,0,0,0,0,0,0,0,0,0,0,0,0,0,0,0,0,0,0,0,0,0,0,0,0,0,0,0,0,0,0,0,0,0,0,1,1,1,1,0,0,0,0,0,0,1,1,1,2,1,0,0,0,0,0,0,0,0,0,0,0,0,0,1,1,1,1,0,0,0,0,3,4,3,3,4,4,4,3,2,3,4,6,7,4,4,4,5,7,8,9,9,10,10,13,13,14,14,15,15,14,13,11,12,13,15,17,17,18,19,24,21,19,27,31,34,35,35,38,35,39,39,45,47,44,41,40,38,37,37,37,39,46,44,42,51,48,47,43,46,52,60,65,63,66,67,77,82,82,85,83,84,85,94,90,99,93,98,101,106,109,105,109,109,115,120,123,124,137,145,142,147,138,143,138,130,130,131,140,144,146,155,165,166,177,186,187,198,194,192,189,202,202,198,194,212,218,215,223,239,258,268,268,277,282,280,283,292,279,272,279,281,288,296,306,313,305,320,328,328,340,351,346,342,342,349,363,379,383,383,382,370,360,377,394,405,411,418,434,443,444,439,453,457,477,479,489,496,520,518,522,518,532,540,549,554,585,588,586,613,623,628,638,642,656,673,674,701,688,679,696,722,735,744,749,776,783,784,790,795,813,812,822,838,851,870,901,920,931,930,945,954,939,955,1001,1020,1027,1038,1054,1061,1063,1064,1088,1079,1088,1112,1123,1105,1121,1118,1121,1113,1122,1098,1111,1110,1127,1137,1119,1138,1168,1175,1173,1141,1135,1137,1126,1130,1116,1113,1125,1094,1090,1077,1106,1098,1079,1105,1089,1121,1135,1151,1151,1136,1102,1124,1126,1105,1075,1067,1060,1046,1065,1071,1038,1026,1036,1035,1052,1031,1004,1013,1006,1002,1003,1019,982,958,945,918,914,911,912,900,923,884,882,871,849,824,827,806,811,790,777,784,771,786,772,747,743,748,761,757,744,736,722,698,708,712,697,712,701,697,665,683,692,709,715,711,698,688,674,663,663,644,635,621,600,589,584,580,576,576,577,575,569,555,547,553,547,561,550,538,551,568,557,532,527,526,518,515,497,511,525,533,526,522,531,527,542,555,549,544,521,520,532,532,518,525,529,562,551,566,555,561,543,528,536,518,523,538,563,574,582,585,561,547,537,550,536,545,520,522,523,536,558,586,599,599,595,596,619,602,600,601,636
0,0,0,0,0,0,0,0,0,0,0,0,0,0,0,0,0,0,0,0,0,0,0,0,0,0,0,0,0,0,0,0,0,0,0,0,0,0,0,0,0,0,0,0,0,0,0,0,0,0,0,0,0,0,0,0,0,0,0,0,0,0,0,0,0,0,0,0,0,0,0,0,0,0,0,0,0,0,0,0,0,0,0,0,0,0,0,0,0,0,0,0,0,0,0,0,0,0,0,0,0,0,0,0,0,0,0,0,0,0,0,0,0,0,0,0,0,0,0,0,0,0,0,0,0,0,0,0,0,0,0,0,0,0,0,0,0,0,0,0,0,0,0,0,0,0,0,0,0,0,0,0,0,0,0,0,0,0,0,0,0,0,0,0,0,0,0,0,0,0,0,0,0,0,0,0,0,0,0,0,0,0,0,0,0,0,0,0,0,0,0,0,0,0,0,0,0,0,0,0,0,0,0,0,0,0,0,0,0,0,0,0,0,0,0,0,0,0,0,0,0,0,0,0,0,0,0,0,0,0,0,0,0,0,0,0,0,0,0,0,0,0,0,0,0,0,0,0,0,0,0,0,0,0,0,0,0,0,0,0,0,0,0,0,0,0,0,0,0,0,0,0,0,0,0,0,0,0,0,0,0,0,0,0,0,0,0,0,0,0,0,0,0,0,0,0,0,0,0,0,0,0,0,0,0,0,0,0,0,0,0,0,0,0,0,0,0,0,0,0,0,1,1,1,1,1,1,1,1,1,1,1,2,2,2,2,1,1,1,1,1,2,2,1,1,1,1,1,1,1,1,1,1,1,1,1,1,1,2,4,3,2,2,1,1,1,1,2,2,1,2,2,3,3,3,4,5,5,7,7,8,8,8,8,8,10,9,7,6,6,6,7,9,11,10,8,8,10,12,13,15,14,17,18,18,21,23,20,22,22,19,19,16,23,22,28,29,31,27,24,32,35,32,31,37,36,39,35,37,43,44,50,50,51,53,52,51,58,55,59,60,58,56,62,63,64,61,66,63,71,70,79,89,91,94,90,87,87,83,81,86,93,95,107,118,116,112,120,127,123,136,139,151,155,163,178,171,170,165,166,172,171,167,162,182,184,197,194,197,186,188,201,200,202,204,210,215,224,230,245,255,254,253,238,243,248,259,270,264,252,261,267,273,276,282,293,290,295,286,305,315,324,331,327,350,369,371,373,384,394,412,420,422,415,409,421,425,438,447,448,462,468,480,482,509,512,515,522,495,509,521,521,538,548,537,580,599,615,641,663,657,676,673,687,688,700,690,710,716,707,713,716,754,776,770,777,801,798,819,836,840,845,866,880,903,913,896,918,955,946,945,956,977,1009,1004,1015,1018,1026,1050,1112,1114,1129,1117,1127,1085,1092,1109,1103,1129,1113,1131,1140,1174,1178,1182,1179,1166,1155,1163,1170,1190,1181,1217,1237,1254,1235,1224,1232,1226,1219,1211,1213,1218,1229,1199,1172,1156,1196,1174,1165,1179,1165,1174,1184,1200,1209,1198,1184,1201,1188,1186,1196,1172,1172,1164,1145,1134,1136,1113,1108,1089,1073,1089,1068,1077,1068,1043,1066,1067,1063,1036,996,974,973,971,965,947,957,953,968,961,952,949,950,957,932,916,915,921,916,896,842,821,805,795,806,780,797,774,767,753,766,735,714,715,721,720,723,708,692,707,706,724,707,719,705,697,674,676,657,663,669,647,651,621,639,642,632,614,599,597,586,557,565,572,553,545,542,546,549,544,526,537,542,552,549,560,536,535,541,547,548,541,529,536,552,556,535,547,558,544,533,503,491,491,492,491,488,504,521,519,509,531,520,523,542,555,558,574,557,567,574,577,575,576,576,591,613,613,621,659,659,631,646,636,643,623,625,633,660
0,0,0,0,0,0,0,0,0,0,0,0,0,0,0,0,0,0,0,0,0,0,0,0,0,0,0,0,0,0,0,0,0,0,0,0,0,0,0,0,0,0,0,0,0,0,0,0,0,0,0,0,0,0,0,0,0,0,0,0,0,0,0,0,0,0,0,0,0,0,0,0,0,0,0,0,0,0,0,0,0,0,0,0,0,0,0,0,0,0,0,0,0,0,0,0,0,0,0,0,0,0,0,0,0,0,0,0,0,0,0,0,0,0,0,0,0,0,0,0,0,0,0,0,0,0,0,0,0,0,0,0,0,0,0,0,0,0,0,0,0,0,0,0,0,0,0,0,0,0,0,0,0,0,0,0,0,0,0,0,0,0,0,0,0,0,0,0,0,0,0,0,0,0,0,0,0,0,0,0,0,0,0,0,0,0,0,0,0,0,0,0,0,0,0,0,0,0,0,0,0,0,0,0,0,0,0,0,0,0,0,0,0,0,0,0,0,0,0,0,0,0,0,0,0,0,0,0,0,0,0,0,0,0,0,0,0,0,0,0,0,0,0,0,0,0,0,0,0,0,0,0,0,0,0,0,0,0,0,0,0,0,0,0,0,0,0,0,0,0,0,0,0,0,0,0,0,0,0,0,0,0,0,0,0,0,0,0,0,0,0,0,0,0,0,0,0,0,0,0,0,0,0,0,0,0,0,0,0,0,0,0,0,0,0,0,0,0,0,0,0,0,0,0,0,0,0,0,0,0,0,0,0,0,0,0,0,1,1,1,1,1,1,0,0,0,0,0,0,0,0,0,0,0,0,0,0,0,0,1,1,2,2,2,2,1,1,1,1,2,2,2,2,3,5,4,2,3,4,3,2,2,1,1,3,4,6,8,8,9,10,12,11,11,11,9,6,6,5,7,6,10,13,16,16,16,19,21,21,22,23,26,24,20,21,25,28,32,33,35,40,44,45,43,43,46,45,43,45,52,52,48,51,49,51,54,63,60,65,72,73,76,76,77,81,82,89,89,95,97,100,105,110,116,115,119,124,128,133,126,134,142,138,142,149,150,145,151,152,170,167,164,168,161,153,150,146,157,168,166,168,165,184,194,191,195,203,214,218,228,222,232,238,241,255,254,254,252,259,263,268,272,280,298,301,297,292,296,285,291,299,320,337,351,365,358,359,370,364,374,387,387,383,373,383,392,395,412,419,448,433,436,423,422,444,449,452,464,460,466,486,491,488,496,504,506,505,492,512,532,542,570,584,604,635,641,660,653,661,675,682,695,694,703,723,755,765,775,773,804,821,849,866,857,874,871,890,882,897,898,913,928,993,1010,1009,1036,1025,1019,1040,1054,1050,1077,1081,1072,1079,1098,1124,1138,1145,1169,1189,1202,1221,1222,1223,1227,1278,1298,1325,1313,1327,1334,1353,1374,1399,1406,1415,1433,1445,1425,1430,1421,1420,1418,1398,1398,1410,1405,1409,1407,1421,1422,1398,1373,1367,1369,1396,1395,1390,1380,1393,1404,1403,1354,1344,1326,1343,1360,1349,1352,1329,1328,1344,1357,1355,1336,1321,1305,1304,1276,1267,1249,1248,1236,1229,1214,1232,1215,1224,1214,1201,1191,1149,1138,1129,1126,1099,1098,1082,1085,1058,1040,1029,1043,1045,1035,1022,1018,988,962,947,897,909,903,896,907,875,856,874,860,857,846,832,836,831,816,795,776,789,783,779,790,800,783,777,766,761,758,762,766,741,728,707,692,682,678,656,672,662,663,655,671,663,635,638,643,621,612,615,608,619,623,617,618,616,621,628,629,638,639,615,602,605,618,612,606,626,628,624,620,625,630,645,630,623,602,616,614,604,595,597,610,622,652,649,664,652,632,624,638,646,648,659,663,671,675,702,722,725,731,765,793,790,786,784,782,775,776,768,775
0,0,0,0,0,0,0,0,0,0,0,0,0,0,0,0,0,0,0,0,0,0,0,0,0,0,0,0,0,0,0,0,0,0,0,0,0,0,0,0,0,0,0,0,0,0,0,0,0,0,0,0,0,0,0,0,0,0,0,0,0,0,0,0,0,0,0,0,0,0,0,0,0,0,0,0,0,0,0,0,0,0,0,0,0,0,0,0,0,0,0,0,0,0,0,0,0,0,0,0,0,0,0,0,0,0,0,0,0,0,0,0,0,0,0,0,0,0,0,0,0,0,0,0,0,0,0,0,0,0,0,0,0,0,0,0,0,0,0,0,0,0,0,0,0,0,0,0,0,0,0,0,0,0,0,0,0,0,0,0,0,0,0,0,0,0,0,0,0,0,0,0,0,0,0,0,0,0,0,0,0,0,0,0,0,0,0,0,0,0,0,0,0,0,0,0,0,0,0,0,0,0,0,0,0,0,0,0,0,0,0,0,0,0,0,0,0,0,0,0,0,0,0,0,0,0,0,0,0,0,0,0,0,0,0,0,0,0,0,0,0,0,0,0,0,0,0,0,0,0,0,0,0,0,0,0,0,0,0,0,0,0,0,0,0,0,0,0,0,0,0,0,0,0,0,0,0,0,0,0,0,0,0,0,0,0,0,0,0,0,0,0,0,0,0,0,0,0,0,0,0,0,0,0,0,0,0,0,0,0,1,1,1,1,1,1,1,1,1,1,2,2,2,2,2,3,3,3,2,2,2,2,2,3,3,3,3,3,2,2,2,2,2,2,2,2,2,2,2,2,2,3,3,3,4,4,4,2,1,1,1,1,2,2,1,1,1,1,1,1,2,3,3,4,4,5,4,5,5,4,5,5,4,4,4,3,4,4,4,9,11,14,13,14,18,18,16,16,14,13,17,17,17,15,16,18,19,21,19,21,21,23,22,21,20,22,29,32,38,40,38,40,43,47,46,47,45,41,42,41,41,42,44,47,53,50,55,53,54,57,61,60,64,67,72,76,80,82,82,79,87,82,88,91,97,102,99,109,108,116,126,131,132,141,141,147,150,144,155,157,164,168,172,176,174,175,176,184,193,193,185,193,189,195,198,211,217,216,229,238,228,225,231,247,255,260,270,285,290,301,305,309,314,328,330,329,349,353,349,359,354,355,358,355,360,363,360,383,381,389,390,386,386,385,391,405,420,424,427,436,439,439,455,471,492,495,497,513,529,539,549,534,534,551,542,556,562,556,566,578,590,604,617,641,649,652,660,654,674,678,693,697,700,708,705,724,728,743,761,764,773,793,797,812,808,842,872,887,901,929,933,929,929,936,948,975,977,972,978,989,1015,1015,1014,1044,1063,1082,1094,1097,1113,1162,1176,1197,1208,1242,1245,1288,1299,1285,1293,1312,1297,1333,1330,1352,1344,1379,1391,1398,1413,1436,1430,1469,1469,1459,1460,1464,1483,1459,1459,1456,1450,1453,1415,1438,1447,1411,1421,1393,1374,1384,1416,1391,1389,1392,1377,1398,1394,1387,1382,1325,1314,1313,1300,1314,1318,1303,1312,1289,1286,1279,1288,1295,1276,1271,1257,1247,1263,1288,1291,1275,1232,1238,1242,1219,1234,1187,1164,1159,1135,1115,1109,1077,1076,1083,1087,1084,1086,1069,1064,1030,1017,1010,986,981,983,984,968,974,966,958,954,943,927,922,885,876,871,876,878,862,857,853,850,829,817,799,808,797,791,771,779,776,764,732,731,705,697,683,687,685,683,657,653,636,657,656,677,651,674,663,676,689,683,696,689,703,694,671,681,680,680,671,691,674,702,694,703,710,694,672,670,675,669,662,666,662,672,681,686,697,688,696,691,684,691,698,702,687,691,682,689,710,701,697,688,669,686,693,686,697,696,690,685,714,735,738,739,746,758,759
0,0,0,0,0,0,0,0,0,0,0,0,0,0,0,0,0,0,0,0,0,0,0,0,0,0,0,0,0,0,0,0,0,0,0,0,0,0,0,0,0,0,0,0,0,0,0,0,0,0,0,0,0,0,0,0,0,0,0,0,0,0,0,0,0,0,0,0,0,0,0,0,0,0,0,0,0,0,0,0,0,0,0,0,0,0,0,0,0,0,0,0,0,0,0,0,0,0,0,0,0,0,0,0,0,0,0,0,0,0,0,0,0,0,0,0,0,0,0,0,0,0,0,0,0,0,0,0,0,0,0,0,0,0,0,0,0,0,0,0,0,0,0,0,0,0,0,0,0,0,0,0,0,0,0,0,0,0,0,0,0,0,0,0,0,0,0,0,0,0,0,0,0,0,0,0,0,0,0,0,0,0,0,0,0,0,0,0,0,0,0,0,0,0,0,0,0,0,0,0,0,0,0,0,0,0,0,0,0,0,0,0,0,0,0,0,0,0,0,0,0,0,0,0,0,0,0,0,0,0,0,0,0,0,0,0,0,0,0,0,0,0,0,0,0,0,0,0,0,0,0,0,0,0,0,0,0,0,0,0,0,0,0,0,0,0,0,0,0,0,0,0,0,0,0,0,0,0,0,0,0,0,0,0,0,0,0,0,0,0,0,0,0,0,0,0,0,0,0,0,0,0,0,0,0,0,0,0,0,0,0,0,0,0,0,0,0,0,0,0,0,0,0,0,0,0,0,0,0,1,1,0,0,0,0,0,0,0,0,1,1,1,1,1,1,1,1,2,2,2,3,3,3,3,3,3,4,2,2,1,1,1,0,0,0,1,2,2,2,3,3,3,3,3,3,3,6,6,4,3,3,4,3,3,3,5,5,5,5,5,5,5,7,7,6,7,10,9,9,7,9,10,13,11,13,11,10,12,12,13,16,16,17,15,18,24,24,25,31,26,29,30,30,33,31,34,30,31,35,37,45,46,49,53,51,54,54,55,54,60,55,54,58,60,60,69,72,76,88,87,87,83,82,80,87,92,102,108,101,113,121,130,134,129,129,134,135,136,146,139,135,133,142,157,151,154,160,158,162,158,159,175,191,194,198,196,200,208,215,222,222,230,232,239,246,245,255,255,257,261,272,286,282,273,277,269,279,274,284,291,306,317,321,335,340,347,348,353,342,359,347,347,356,357,348,348,360,378,395,409,403,415,415,420,407,418,427,422,417,434,459,463,461,457,468,491,500,515,528,553,554,580,596,605,609,605,619,627,650,668,683,673,677,705,717,713,718,743,779,787,805,800,814,790,793,786,799,811,837,866,914,896,924,955,964,993,991,997,996,996,1021,1027,1039,1063,1080,1084,1084,1137,1155,1190,1197,1188,1221,1239,1247,1265,1279,1267,1287,1307,1321,1353,1363,1375,1401,1385,1366,1357,1340,1337,1364,1375,1399,1356,1352,1329,1321,1368,1372,1394,1387,1354,1352,1353,1345,1335,1333,1324,1346,1384,1381,1394,1389,1381,1358,1357,1366,1346,1317,1310,1306,1316,1290,1270,1277,1265,1246,1248,1265,1252,1217,1214,1212,1208,1207,1174,1160,1138,1119,1129,1143,1144,1146,1163,1145,1114,1082,1091,1058,1045,1045,1033,1008,970,958,948,950,965,966,928,927,880,857,857,867,849,819,820,841,847,840,845,823,809,808,815,794,827,829,818,806,786,794,797,806,804,782,777,755,716,708,708,692,691,652,624,609,597,603,618,621,611,606,595,570,583,580,584,604,606,593,605,594,609,601,589,589,604,602,611,631,615,596,587,605,591,599,606,612,616,618,621,617,616,615,616,609,603,604,627,644,636,614,632,644,637,634,635,635,636,650,655,667,673,651,646,660,654,651,660,670,675,689,683,671,697,705,703,707,723
0,0,0,0,0,0,0,0,0,0,0,0,0,0,0,0,0,0,0,0,0,0,0,0,0,0,0,0,0,0,0,0,0,0,0,0,0,0,0,0,0,0,0,0,0,0,0,0,0,0,0,0,0,0,0,0,0,0,0,0,0,0,0,0,0,0,0,0,0,0,0,0,0,0,0,0,0,0,0,0,0,0,0,0,0,0,0,0,0,0,0,0,0,0,0,0,0,0,0,0,0,0,0,0,0,0,0,0,0,0,0,0,0,0,0,0,0,0,0,0,0,0,0,0,0,0,0,0,0,0,0,0,0,0,0,0,0,0,0,0,0,0,0,0,0,0,0,0,0,0,0,0,0,0,0,0,0,0,0,0,0,0,0,0,0,0,0,0,0,0,0,0,0,0,0,0,0,0,0,0,0,0,0,0,0,0,0,0,0,0,0,0,0,0,0,0,0,0,0,0,0,0,0,0,0,0,0,0,0,0,0,0,0,0,0,0,0,0,0,0,0,0,0,0,0,0,0,0,0,0,0,0,0,0,0,0,0,0,0,0,0,0,0,0,0,0,0,0,0,0,0,0,0,0,0,0,0,0,0,0,0,0,0,0,0,0,0,0,0,0,0,0,0,0,0,0,0,0,0,0,0,0,0,0,0,0,0,0,0,0,0,0,0,0,0,0,0,0,0,0,0,0,0,0,0,0,0,0,0,0,0,0,0,0,0,0,0,0,0,0,0,0,0,0,0,0,0,0,0,0,0,0,0,0,0,0,0,0,0,0,0,0,0,0,0,0,0,0,0,0,0,1,2,2,2,3,3,2,2,2,2,3,2,3,4,3,2,2,3,3,4,5,6,6,5,5,6,8,7,7,6,5,5,7,8,7,7,8,10,9,8,10,10,11,10,11,11,14,14,14,15,15,16,14,12,12,13,11,14,13,13,15,20,25,23,22,25,27,27,36,37,40,39,36,32,31,27,32,32,32,29,34,38,44,48,48,52,52,60,62,63,64,67,66,64,64,60,62,61,65,74,82,80,82,84,84,94,92,97,103,107,114,115,114,124,126,131,129,130,124,126,136,142,152,161,165,172,163,170,169,173,169,172,173,179,190,200,222,211,219,212,203,222,228,253,271,275,289,292,287,283,294,288,278,289,302,310,334,335,335,340,336,358,340,341,351,354,358,341,336,346,346,360,353,368,376,385,390,409,426,444,448,453,451,452,468,456,464,451,450,461,459,480,492,493,494,510,540,544,550,557,565,568,576,603,611,630,648,646,684,689,687,687,716,709,705,706,728,717,748,774,777,786,801,793,809,821,833,827,850,851,857,882,925,943,959,952,990,977,1011,1018,1021,1052,1049,1076,1097,1073,1084,1079,1082,1085,1125,1132,1164,1183,1176,1179,1200,1243,1238,1238,1240,1259,1246,1253,1267,1273,1294,1285,1272,1281,1278,1277,1289,1308,1311,1302,1305,1309,1308,1317,1306,1324,1312,1305,1305,1305,1287,1270,1268,1283,1276,1265,1249,1286,1280,1300,1328,1341,1331,1309,1281,1241,1236,1225,1218,1212,1187,1176,1173,1175,1160,1145,1144,1147,1149,1137,1119,1098,1111,1106,1077,1091,1083,1062,1066,1068,1033,1056,1049,1024,969,932,922,922,925,922,917,921,879,883,893,893,897,884,899,885,873,841,839,845,839,853,833,832,823,813,815,794,783,813,805,782,779,784,766,756,740,728,738,746,731,718,704,717,707,697,692,666,654,645,657,660,646,652,641,639,623,611,604,613,611,607,604,599,602,596,604,610,622,627,618,612,642,641,640,638,632,618,628,617,616,612,614,605,604,609,613,615,593,601,601,606,599,603,596,608,621,633,615,588,597,606,620,629,643,641,673,683,684,680,685,694,664,646,647,664,675,667,672
0,0,0,0,0,0,0,0,0,0,0,0,0,0,0,0,0,0,0,0,0,0,0,0,0,0,0,0,0,0,0,0,0,0,0,0,0,0,0,0,0,0,0,0,0,0,0,0,0,0,0,0,0,0,0,0,0,0,0,0,0,0,0,0,0,0,0,0,0,0,0,0,0,0,0,0,0,0,0,0,0,0,0,0,0,0,0,0,0,0,0,0,0,0,0,0,0,0,0,0,0,0,0,0,0,0,0,0,0,0,0,0,0,0,0,0,0,0,0,0,0,0,0,0,0,0,0,0,0,0,0,0,0,0,0,0,0,0,0,0,0,0,0,0,0,0,0,0,0,0,0,0,0,0,0,0,0,0,0,0,0,0,0,0,0,0,0,0,0,0,0,0,0,0,0,0,0,0,0,0,0,0,0,0,0,0,0,0,0,0,0,0,0,0,0,0,0,0,0,0,0,0,0,0,0,0,0,0,0,0,0,0,0,0,0,0,0,0,0,0,0,0,0,0,0,0,0,0,0,0,0,0,0,0,0,0,0,0,0,0,0,0,0,0,0,0,0,0,0,0,0,0,0,0,0,0,0,0,0,0,0,0,0,0,0,0,0,0,0,0,0,0,0,0,0,0,0,0,0,0,0,0,0,0,0,0,0,0,0,0,0,0,0,0,0,0,0,0,0,0,0,0,0,0,0,0,0,0,0,0,0,0,0,0,0,0,0,0,0,0,0,0,0,0,0,0,0,0,0,0,0,0,0,0,0,0,0,0,0,0,0,1,1,0,0,0,0,0,0,0,0,0,0,0,0,0,0,0,0,0,2,2,2,2,2,2,1,1,2,2,2,1,3,3,3,3,3,2,2,4,4,5,7,6,5,8,6,7,8,8,9,8,9,9,12,10,12,12,16,14,12,12,13,14,14,15,16,19,16,18,15,18,18,24,30,30,32,30,32,33,31,32,36,39,41,45,45,44,48,48,51,47,47,53,56,58,61,64,63,75,77,72,71,71,65,69,73,72,80,87,88,85,83,94,95,96,100,105,103,108,114,112,107,108,110,108,114,115,122,125,123,128,135,144,147,137,158,157,169,170,165,176,179,191,191,194,185,191,191,199,198,200,206,213,223,231,230,241,243,249,244,239,266,280,275,285,292,294,289,290,295,293,315,329,340,349,357,368,378,392,371,372,382,381,382,374,383,380,386,370,372,367,364,380,386,405,429,433,446,445,451,474,475,484,485,498,502,513,529,548,540,553,552,560,593,575,606,611,623,644,655,663,675,693,702,693,714,701,689,713,704,729,733,741,743,769,771,798,805,802,833,848,850,855,867,882,900,914,917,934,949,1005,1015,1026,1010,1038,1027,1060,1066,1064,1067,1092,1119,1099,1105,1129,1131,1162,1137,1157,1165,1167,1183,1190,1197,1165,1154,1185,1170,1186,1187,1217,1227,1253,1244,1272,1266,1263,1268,1268,1260,1259,1259,1275,1281,1273,1279,1313,1324,1316,1309,1298,1292,1282,1287,1288,1281,1257,1249,1259,1257,1254,1249,1246,1243,1254,1230,1215,1192,1201,1176,1176,1148,1135,1127,1094,1083,1094,1091,1076,1054,1055,1027,1019,1032,993,973,980,961,975,972,952,944,963,930,929,916,893,906,878,876,880,856,864,852,837,837,843,856,838,848,856,838,846,834,842,845,848,827,796,787,783,775,769,735,723,699,691,698,678,673,650,657,657,666,648,631,609,602,596,579,585,578,568,564,605,602,571,586,584,574,574,572,579,568,570,571,573,556,543,551,572,559,581,589,595,597,583,570,560,575,590,590,612,601,618,621,606,627,621,596,618,606,589,602,607,610,603,601,597,602,615,621,631,639,632,633,615,625,638,643,643,656,641,643,645,658,653,655,648
0,0,0,0,0,0,0,0,0,0,0,0,0,0,0,0,0,0,0,0,0,0,0,0,0,0,0,0,0,0,0,0,0,0,0,0,0,0,0,0,0,0,0,0,0,0,0,0,0,0,0,0,0,0,0,0,0,0,0,0,0,0,0,0,0,0,0,0,0,0,0,0,0,0,0,0,0,0,0,0,0,0,0,0,0,0,0,0,0,0,0,0,0,0,0,0,0,0,0,0,0,0,0,0,0,0,0,0,0,0,0,0,0,0,0,0,0,0,0,0,0,0,0,0,0,0,0,0,0,0,0,0,0,0,0,0,0,0,0,0,0,0,0,0,0,0,0,0,0,0,0,0,0,0,0,0,0,0,0,0,0,0,0,0,0,0,0,0,0,0,0,0,0,0,0,0,0,0,0,0,0,0,0,0,0,0,0,0,0,0,0,0,0,0,0,0,0,0,0,0,0,0,0,0,0,0,0,0,0,0,0,0,0,0,0,0,0,0,0,0,0,0,0,0,0,0,0,0,0,0,0,0,0,0,0,0,0,0,0,0,0,0,0,0,0,0,0,0,0,0,0,0,0,0,0,0,0,0,0,0,0,0,0,0,0,0,0,0,0,0,0,0,0,0,0,0,0,0,0,0,0,0,0,0,0,0,0,0,0,0,0,0,0,0,0,0,0,0,0,0,0,0,0,0,0,0,0,0,0,0,0,0,0,0,0,0,0,0,0,0,0,0,0,0,0,0,0,0,0,0,0,0,0,1,1,1,1,1,1,1,1,1,1,1,1,1,1,1,1,1,1,2,3,3,2,2,2,2,2,1,1,2,2,3,4,4,4,5,5,5,6,6,5,5,4,5,5,4,4,4,4,5,5,4,6,7,7,7,6,7,8,8,10,9,10,11,12,15,15,15,15,15,16,18,18,20,17,19,19,19,24,23,27,28,31,30,28,27,26,28,30,32,34,31,32,37,38,37,44,39,37,38,41,46,50,51,52,53,54,55,56,56,61,64,69,76,73,75,74,85,85,83,90,93,92,91,93,101,113,119,130,135,141,133,132,148,156,165,163,154,152,157,153,153,152,174,187,184,190,185,182,184,189,184,191,193,202,211,218,224,221,228,228,230,241,244,248,261,272,269,273,286,289,300,301,297,303,306,305,309,313,319,327,320,318,342,340,352,350,363,364,377,385,384,381,395,402,406,407,406,434,446,444,459,443,470,490,507,506,534,524,511,509,501,498,495,507,517,546,533,541,535,532,529,542,551,567,577,567,597,619,630,641,657,650,664,665,671,673,710,719,737,757,778,804,807,846,837,863,865,879,911,928,912,928,938,960,963,969,972,979,1028,1034,1024,1023,1012,1035,1048,1047,1063,1094,1120,1135,1151,1192,1219,1247,1239,1284,1261,1280,1265,1251,1268,1275,1264,1282,1285,1303,1295,1279,1292,1302,1323,1306,1301,1284,1265,1248,1258,1285,1282,1276,1264,1278,1277,1285,1290,1298,1308,1329,1344,1309,1327,1333,1336,1327,1316,1326,1315,1302,1270,1266,1253,1245,1222,1233,1239,1216,1232,1215,1188,1195,1203,1184,1175,1173,1157,1151,1108,1116,1104,1080,1069,1070,1065,1082,1059,1033,1030,1007,958,960,968,982,990,977,933,913,885,865,862,867,879,862,872,872,848,822,814,807,796,802,820,839,838,838,834,839,841,833,832,815,804,811,798,763,767,763,755,754,751,738,718,705,698,707,693,676,660,662,638,634,628,649,645,624,615,611,607,606,591,595,583,583,579,579,578,583,582,584,598,604,609,619,617,595,608,598,580,586,582,583,586,575,576,591,581,568,574,565,576,601,613,624,618,604,618,643,660,665,652,659,649,645,656,662,640,650,657,678,677,672,672,670,666,671,692,704,713
