ward_OCC_series1,ward_OCC_series2,ward_OCC_series3,ward_OCC_series4,ward_OCC_series5,ward_OCC_series6,ward_OCC_series7,ward_OCC_series8,ward_OCC_series9,ward_OCC_series10,ward_OCC_series11,ward_OCC_series12,ward_OCC_series13,ward_OCC_series14,ward_OCC_series15,ward_OCC_series16,ward_OCC_series17,ward_OCC_series18,ward_OCC_series19,ward_OCC_series20,ward_OCC_series21,ward_OCC_series22,ward_OCC_series23,ward_OCC_series24,ward_OCC_series25,ward_OCC_series26,ward_OCC_series27,ward_OCC_series28,ward_OCC_series29,ward_OCC_series30,ward_OCC_series31,ward_OCC_series32,ward_OCC_series33,ward_OCC_series34,ward_OCC_series35,ward_OCC_series36,ward_OCC_series37,ward_OCC_series38,ward_OCC_series39,ward_OCC_series40,ward_OCC_series41,ward_OCC_series42,ward_OCC_series43,ward_OCC_series44,ward_OCC_series45,ward_OCC_series46,ward_OCC_series47,ward_OCC_series48,ward_OCC_series49,ward_OCC_series50,ward_OCC_series51,ward_OCC_series52,ward_OCC_series53,ward_OCC_series54,ward_OCC_series55,ward_OCC_series56,ward_OCC_series57,ward_OCC_series58,ward_OCC_series59,ward_OCC_series60,ward_OCC_series61,ward_OCC_series62,ward_OCC_series63,ward_OCC_series64,ward_OCC_series65,ward_OCC_series66,ward_OCC_series67,ward_OCC_series68,ward_OCC_series69,ward_OCC_series70,ward_OCC_series71,ward_OCC_series72,ward_OCC_series73,ward_OCC_series74,ward_OCC_series75,ward_OCC_series76,ward_OCC_series77,ward_OCC_series78,ward_OCC_series79,ward_OCC_series80,ward_OCC_series81,ward_OCC_series82,ward_OCC_series83,ward_OCC_series84,ward_OCC_series85,ward_OCC_series86,ward_OCC_series87,ward_OCC_series88,ward_OCC_series89,ward_OCC_series90,ward_OCC_series91,ward_OCC_series92,ward_OCC_series93,ward_OCC_series94,ward_OCC_series95,ward_OCC_series96,ward_OCC_series97,ward_OCC_series98,ward_OCC_series99,ward_OCC_series100,ward_OCC_series101,ward_OCC_series102,ward_OCC_series103,ward_OCC_series104,ward_OCC_series105,ward_OCC_series106,ward_OCC_series107,ward_OCC_series108,ward_OCC_series109,ward_OCC_series110,ward_OCC_series111,ward_OCC_series112,ward_OCC_series113,ward_OCC_series114,ward_OCC_series115,ward_OCC_series116,ward_OCC_series117,ward_OCC_series118,ward_OCC_series119,ward_OCC_series120,ward_OCC_series121,ward_OCC_series122,ward_OCC_series123,ward_OCC_series124,ward_OCC_series125,ward_OCC_series126,ward_OCC_series127,ward_OCC_series128,ward_OCC_series129,ward_OCC_series130,ward_OCC_series131,ward_OCC_series132,ward_OCC_series133,ward_OCC_series134,ward_OCC_series135,ward_OCC_series136,ward_OCC_series137,ward_OCC_series138,ward_OCC_series139,ward_OCC_series140,ward_OCC_series141,ward_OCC_series142,ward_OCC_series143,ward_OCC_series144,ward_OCC_series145,ward_OCC_series146,ward_OCC_series147,ward_OCC_series148,ward_OCC_series149,ward_OCC_series150,ward_OCC_series151,ward_OCC_series152,ward_OCC_series153,ward_OCC_series154,ward_OCC_series155,ward_OCC_series156,ward_OCC_series157,ward_OCC_series158,ward_OCC_series159,ward_OCC_series160,ward_OCC_series161,ward_OCC_series162,ward_OCC_series163,ward_OCC_series164,ward_OCC_series165,ward_OCC_series166,ward_OCC_series167,ward_OCC_series168,ward_OCC_series169,ward_OCC_series170,ward_OCC_series171,ward_OCC_series172,ward_OCC_series173,ward_OCC_series174,ward_OCC_series175,ward_OCC_series176,ward_OCC_series177,ward_OCC_series178,ward_OCC_series179,ward_OCC_series180,ward_OCC_series181,ward_OCC_series182,ward_OCC_series183,ward_OCC_series184,ward_OCC_series185,ward_OCC_series186,ward_OCC_series187,ward_OCC_series188,ward_OCC_series189,ward_OCC_series190,ward_OCC_series191,ward_OCC_series192,ward_OCC_series193,ward_OCC_series194,ward_OCC_series195,ward_OCC_series196,ward_OCC_series197,ward_OCC_series198,ward_OCC_series199,ward_OCC_series200,ward_OCC_series201,ward_OCC_series202,ward_OCC_series203,ward_OCC_series204,ward_OCC_series205,ward_OCC_series206,ward_OCC_series207,ward_OCC_series208,ward_OCC_series209,ward_OCC_series210,ward_OCC_series211,ward_OCC_series212,ward_OCC_series213,ward_OCC_series214,ward_OCC_series215,ward_OCC_series216,ward_OCC_series217,ward_OCC_series218,ward_OCC_series219,ward_OCC_series220,ward_OCC_series221,ward_OCC_series222,ward_OCC_series223,ward_OCC_series224,ward_OCC_series225,ward_OCC_series226,ward_OCC_series227,ward_OCC_series228,ward_OCC_series229,ward_OCC_series230,ward_OCC_series231,ward_OCC_series232,ward_OCC_series233,ward_OCC_series234,ward_OCC_series235,ward_OCC_series236,ward_OCC_series237,ward_OCC_series238,ward_OCC_series239,ward_OCC_series240,ward_OCC_series241,ward_OCC_series242,ward_OCC_series243,ward_OCC_series244,ward_OCC_series245,ward_OCC_series246,ward_OCC_series247,ward_OCC_series248,ward_OCC_series249,ward_OCC_series250,ward_OCC_series251,ward_OCC_series252,ward_OCC_series253,ward_OCC_series254,ward_OCC_series255,ward_OCC_series256,ward_OCC_series257,ward_OCC_series258,ward_OCC_series259,ward_OCC_series260,ward_OCC_series261,ward_OCC_series262,ward_OCC_series263,ward_OCC_series264,ward_OCC_series265,ward_OCC_series266,ward_OCC_series267,ward_OCC_series268,ward_OCC_series269,ward_OCC_series270,ward_OCC_series271,ward_OCC_series272,ward_OCC_series273,ward_OCC_series274,ward_OCC_series275,ward_OCC_series276,ward_OCC_series277,ward_OCC_series278,ward_OCC_series279,ward_OCC_series280,ward_OCC_series281,ward_OCC_series282,ward_OCC_series283,ward_OCC_series284,ward_OCC_series285,ward_OCC_series286,ward_OCC_series287,ward_OCC_series288,ward_OCC_series289,ward_OCC_series290,ward_OCC_series291,ward_OCC_series292,ward_OCC_series293,ward_OCC_series294,ward_OCC_series295,ward_OCC_series296,ward_OCC_series297,ward_OCC_series298,ward_OCC_series299,ward_OCC_series300,ward_OCC_series301,ward_OCC_series302,ward_OCC_series303,ward_OCC_series304,ward_OCC_series305,ward_OCC_series306,ward_OCC_series307,ward_OCC_series308,ward_OCC_series309,ward_OCC_series310,ward_OCC_series311,ward_OCC_series312,ward_OCC_series313,ward_OCC_series314,ward_OCC_series315,ward_OCC_series316,ward_OCC_series317,ward_OCC_series318,ward_OCC_series319,ward_OCC_series320,ward_OCC_series321,ward_OCC_series322,ward_OCC_series323,ward_OCC_series324,ward_OCC_series325,ward_OCC_series326,ward_OCC_series327,ward_OCC_series328,ward_OCC_series329,ward_OCC_series330,ward_OCC_series331,ward_OCC_series332,ward_OCC_series333,ward_OCC_series334,ward_OCC_series335,ward_OCC_series336,ward_OCC_series337,ward_OCC_series338,ward_OCC_series339,ward_OCC_series340,ward_OCC_series341,ward_OCC_series342,ward_OCC_series343,ward_OCC_series344,ward_OCC_series345,ward_OCC_series346,ward_OCC_series347,ward_OCC_series348,ward_OCC_series349,ward_OCC_series350,ward_OCC_series351,ward_OCC_series352,ward_OCC_series353,ward_OCC_series354,ward_OCC_series355,ward_OCC_series356,ward_OCC_series357,ward_OCC_series358,ward_OCC_series359,ward_OCC_series360,ward_OCC_series361,ward_OCC_series362,ward_OCC_series363,ward_OCC_series364,ward_OCC_series365,ward_OCC_series366,ward_OCC_series367,ward_OCC_series368,ward_OCC_series369,ward_OCC_series370,ward_OCC_series371,ward_OCC_series372,ward_OCC_series373,ward_OCC_series374,ward_OCC_series375,ward_OCC_series376,ward_OCC_series377,ward_OCC_series378,ward_OCC_series379,ward_OCC_series380,ward_OCC_series381,ward_OCC_series382,ward_OCC_series383,ward_OCC_series384,ward_OCC_series385,ward_OCC_series386,ward_OCC_series387,ward_OCC_series388,ward_OCC_series389,ward_OCC_series390,ward_OCC_series391,ward_OCC_series392,ward_OCC_series393,ward_OCC_series394,ward_OCC_series395,ward_OCC_series396,ward_OCC_series397,ward_OCC_series398,ward_OCC_series399,ward_OCC_series400,ward_OCC_series401,ward_OCC_series402,ward_OCC_series403,ward_OCC_series404,ward_OCC_series405,ward_OCC_series406,ward_OCC_series407,ward_OCC_series408,ward_OCC_series409,ward_OCC_series410,ward_OCC_series411,ward_OCC_series412,ward_OCC_series413,ward_OCC_series414,ward_OCC_series415,ward_OCC_series416,ward_OCC_series417,ward_OCC_series418,ward_OCC_series419,ward_OCC_series420,ward_OCC_series421,ward_OCC_series422,ward_OCC_series423,ward_OCC_series424,ward_OCC_series425,ward_OCC_series426,ward_OCC_series427,ward_OCC_series428,ward_OCC_series429,ward_OCC_series430,ward_OCC_series431,ward_OCC_series432,ward_OCC_series433,ward_OCC_series434,ward_OCC_series435,ward_OCC_series436,ward_OCC_series437,ward_OCC_series438,ward_OCC_series439,ward_OCC_series440,ward_OCC_series441,ward_OCC_series442,ward_OCC_series443,ward_OCC_series444,ward_OCC_series445,ward_OCC_series446,ward_OCC_series447,ward_OCC_series448,ward_OCC_series449,ward_OCC_series450,ward_OCC_series451,ward_OCC_series452,ward_OCC_series453,ward_OCC_series454,ward_OCC_series455,ward_OCC_series456,ward_OCC_series457,ward_OCC_series458,ward_OCC_series459,ward_OCC_series460,ward_OCC_series461,ward_OCC_series462,ward_OCC_series463,ward_OCC_series464,ward_OCC_series465,ward_OCC_series466,ward_OCC_series467,ward_OCC_series468,ward_OCC_series469,ward_OCC_series470,ward_OCC_series471,ward_OCC_series472,ward_OCC_series473,ward_OCC_series474,ward_OCC_series475,ward_OCC_series476,ward_OCC_series477,ward_OCC_series478,ward_OCC_series479,ward_OCC_series480,ward_OCC_series481,ward_OCC_series482,ward_OCC_series483,ward_OCC_series484,ward_OCC_series485,ward_OCC_series486,ward_OCC_series487,ward_OCC_series488,ward_OCC_series489,ward_OCC_series490,ward_OCC_series491,ward_OCC_series492,ward_OCC_series493,ward_OCC_series494,ward_OCC_series495,ward_OCC_series496,ward_OCC_series497,ward_OCC_series498,ward_OCC_series499,ward_OCC_series500,ward_OCC_series501,ward_OCC_series502,ward_OCC_series503,ward_OCC_series504,ward_OCC_series505,ward_OCC_series506,ward_OCC_series507,ward_OCC_series508,ward_OCC_series509,ward_OCC_series510,ward_OCC_series511,ward_OCC_series512,ward_OCC_series513,ward_OCC_series514,ward_OCC_series515,ward_OCC_series516,ward_OCC_series517,ward_OCC_series518,ward_OCC_series519,ward_OCC_series520,ward_OCC_series521,ward_OCC_series522,ward_OCC_series523,ward_OCC_series524,ward_OCC_series525,ward_OCC_series526,ward_OCC_series527,ward_OCC_series528,ward_OCC_series529,ward_OCC_series530,ward_OCC_series531,ward_OCC_series532,ward_OCC_series533,ward_OCC_series534,ward_OCC_series535,ward_OCC_series536,ward_OCC_series537,ward_OCC_series538,ward_OCC_series539,ward_OCC_series540,ward_OCC_series541,ward_OCC_series542,ward_OCC_series543,ward_OCC_series544,ward_OCC_series545,ward_OCC_series546,ward_OCC_series547,ward_OCC_series548,ward_OCC_series549,ward_OCC_series550,ward_OCC_series551,ward_OCC_series552,ward_OCC_series553,ward_OCC_series554,ward_OCC_series555,ward_OCC_series556,ward_OCC_series557,ward_OCC_series558,ward_OCC_series559,ward_OCC_series560,ward_OCC_series561,ward_OCC_series562,ward_OCC_series563,ward_OCC_series564,ward_OCC_series565,ward_OCC_series566,ward_OCC_series567,ward_OCC_series568,ward_OCC_series569,ward_OCC_series570,ward_OCC_series571,ward_OCC_series572,ward_OCC_series573,ward_OCC_series574,ward_OCC_series575,ward_OCC_series576,ward_OCC_series577,ward_OCC_series578,ward_OCC_series579,ward_OCC_series580,ward_OCC_series581,ward_OCC_series582,ward_OCC_series583,ward_OCC_series584,ward_OCC_series585,ward_OCC_series586,ward_OCC_series587,ward_OCC_series588,ward_OCC_series589,ward_OCC_series590,ward_OCC_series591,ward_OCC_series592,ward_OCC_series593,ward_OCC_series594,ward_OCC_series595,ward_OCC_series596,ward_OCC_series597,ward_OCC_series598,ward_OCC_series599,ward_OCC_series600,ward_OCC_series601,ward_OCC_series602,ward_OCC_series603,ward_OCC_series604,ward_OCC_series605,ward_OCC_series606,ward_OCC_series607,ward_OCC_series608,ward_OCC_series609,ward_OCC_series610,ward_OCC_series611,ward_OCC_series612,ward_OCC_series613,ward_OCC_series614,ward_OCC_series615,ward_OCC_series616,ward_OCC_series617,ward_OCC_series618,ward_OCC_series619,ward_OCC_series620,ward_OCC_series621,ward_OCC_series622,ward_OCC_series623,ward_OCC_series624,ward_OCC_series625,ward_OCC_series626,ward_OCC_series627,ward_OCC_series628,ward_OCC_series629,ward_OCC_series630,ward_OCC_series631,ward_OCC_series632,ward_OCC_series633,ward_OCC_series634,ward_OCC_series635,ward_OCC_series636,ward_OCC_series637,ward_OCC_series638,ward_OCC_series639,ward_OCC_series640,ward_OCC_series641,ward_OCC_series642,ward_OCC_series643,ward_OCC_series644,ward_OCC_series645,ward_OCC_series646,ward_OCC_series647,ward_OCC_series648,ward_OCC_series649,ward_OCC_series650,ward_OCC_series651,ward_OCC_series652,ward_OCC_series653,ward_OCC_series654,ward_OCC_series655,ward_OCC_series656,ward_OCC_series657,ward_OCC_series658,ward_OCC_series659,ward_OCC_series660,ward_OCC_series661,ward_OCC_series662,ward_OCC_series663,ward_OCC_series664,ward_OCC_series665,ward_OCC_series666,ward_OCC_series667,ward_OCC_series668,ward_OCC_series669,ward_OCC_series670,ward_OCC_series671,ward_OCC_series672,ward_OCC_series673,ward_OCC_series674,ward_OCC_series675,ward_OCC_series676,ward_OCC_series677,ward_OCC_series678,ward_OCC_series679,ward_OCC_series680,ward_OCC_series681,ward_OCC_series682,ward_OCC_series683,ward_OCC_series684,ward_OCC_series685,ward_OCC_series686,ward_OCC_series687,ward_OCC_series688,ward_OCC_series689,ward_OCC_series690,ward_OCC_series691,ward_OCC_series692,ward_OCC_series693,ward_OCC_series694,ward_OCC_series695,ward_OCC_series696,ward_OCC_series697,ward_OCC_series698,ward_OCC_series699,ward_OCC_series700,ward_OCC_series701,ward_OCC_series702,ward_OCC_series703,ward_OCC_series704,ward_OCC_series705,ward_OCC_series706,ward_OCC_series707,ward_OCC_series708,ward_OCC_series709,ward_OCC_series710,ward_OCC_series711,ward_OCC_series712,ward_OCC_series713,ward_OCC_series714,ward_OCC_series715,ward_OCC_series716,ward_OCC_series717,ward_OCC_series718,ward_OCC_series719,ward_OCC_series720,ward_OCC_series721,ward_OCC_series722,ward_OCC_series723,ward_OCC_series724,ward_OCC_series725,ward_OCC_series726,ward_OCC_series727,ward_OCC_series728,ward_OCC_series729,ward_OCC_series730,ward_OCC_series731,ward_OCC_series732,ward_OCC_series733,ward_OCC_series734,ward_OCC_series735,ward_OCC_series736,ward_OCC_series737,ward_OCC_series738,ward_OCC_series739,ward_OCC_series740,ward_OCC_series741,ward_OCC_series742,ward_OCC_series743,ward_OCC_series744,ward_OCC_series745,ward_OCC_series746,ward_OCC_series747,ward_OCC_series748,ward_OCC_series749,ward_OCC_series750,ward_OCC_series751,ward_OCC_series752,ward_OCC_series753,ward_OCC_series754,ward_OCC_series755,ward_OCC_series756,ward_OCC_series757,ward_OCC_series758,ward_OCC_series759,ward_OCC_series760,ward_OCC_series761,ward_OCC_series762,ward_OCC_series763,ward_OCC_series764,ward_OCC_series765,ward_OCC_series766,ward_OCC_series767,ward_OCC_series768,ward_OCC_series769,ward_OCC_series770,ward_OCC_series771,ward_OCC_series772,ward_OCC_series773,ward_OCC_series774,ward_OCC_series775,ward_OCC_series776,ward_OCC_series777,ward_OCC_series778,ward_OCC_series779,ward_OCC_series780,ward_OCC_series781,ward_OCC_series782,ward_OCC_series783,ward_OCC_series784,ward_OCC_series785,ward_OCC_series786,ward_OCC_series787,ward_OCC_series788,ward_OCC_series789,ward_OCC_series790,ward_OCC_series791,ward_OCC_series792,ward_OCC_series793,ward_OCC_series794,ward_OCC_series795,ward_OCC_series796,ward_OCC_series797,ward_OCC_series798,ward_OCC_series799,ward_OCC_series800
0,0,0,0,0,0,0,0,0,0,0,0,0,0,0,0,0,0,0,0,0,0,0,0,0,0,0,0,0,0,0,0,0,0,0,0,0,0,0,0,0,0,0,0,0,0,0,0,0,0,0,0,0,0,0,0,0,0,0,0,0,0,0,0,0,0,0,0,0,0,0,0,0,0,0,0,0,0,0,0,0,0,0,0,0,0,0,0,0,0,0,0,0,0,0,0,0,0,0,0,0,0,0,0,0,0,0,0,0,0,0,0,0,0,0,0,0,0,0,0,0,0,0,0,0,0,0,0,0,0,0,0,0,0,0,0,0,0,0,0,0,0,0,0,0,0,0,0,0,0,0,0,0,0,0,0,0,0,0,0,0,0,0,0,0,0,0,0,0,0,0,0,0,0,0,0,0,0,0,0,0,0,0,0,0,0,0,0,0,0,0,0,0,0,0,0,0,0,0,0,0,0,0,0,0,0,0,0,0,0,0,0,0,0,0,0,0,0,0,0,0,0,0,0,0,0,0,0,0,0,0,0,0,0,0,0,0,0,0,0,0,0,0,0,0,0,0,0,0,0,0,0,0,0,0,0,0,0,0,0,0,0,0,0,0,0,0,0,0,0,0,0,0,0,0,0,0,0,0,0,0,0,0,0,0,0,0,0,0,0,0,0,0,0,0,0,0,0,0,0,0,0,0,0,0,0,0,0,0,0,0,0,0,0,0,0,0,0,0,0,0,0,0,0,0,1,1,1,1,2,2,2,0,0,0,0,0,0,2,1,1,2,1,1,1,3,3,2,0,0,0,0,1,4,5,4,5,8,7,6,4,5,6,5,3,3,5,5,4,6,6,5,6,6,8,11,11,10,13,13,15,15,19,20,22,20,19,21,22,26,30,25,25,27,29,32,28,31,36,36,39,33,40,43,49,48,56,60,61,68,69,62,64,68,76,78,70,80,81,94,96,87,94,98,102,104,104,95,99,99,103,118,114,114,129,137,139,146,147,162,162,175,189,179,192,190,204,205,216,224,227,223,234,231,246,234,231,217,243,252,258,273,277,274,292,292,310,313,342,348,348,368,384,401,407,411,408,438,443,451,462,463,466,484,489,499,528,532,523,523,537,552,572,581,583,604,610,622,627,663,650,645,659,677,675,703,717,723,718,716,724,750,781,798,817,832,827,836,884,907,928,919,942,962,979,966,992,1011,1020,1037,1055,1066,1084,1116,1133,1133,1152,1182,1207,1200,1203,1224,1214,1237,1265,1294,1313,1313,1304,1338,1357,1382,1414,1426,1460,1434,1477,1495,1547,1611,1623,1650,1659,1690,1725,1765,1764,1848,1852,1864,1912,1927,1943,1999,2018,2030,2054,2070,2145,2188,2219,2256,2312,2349,2401,2414,2449,2442,2458,2521,2549,2617,2675,2699,2718,2755,2839,2848,2862,2883,2875,2893,2918,2991,2989,3041,3027,3081,3094,3139,3137,3132,3200,3205,3217,3208,3237,3205,3210,3261,3264,3242,3287,3260,3278,3303,3375,3391,3370,3406,3383,3417,3381,3376,3404,3434,3324,3312,3339,3397,3340,3354,3303,3277,3257,3229,3281,3248,3200,3203,3177,3110,3049,3107,3062,3109,3104,3130,3133,3153,3066,3002,2962,2937,2941,2925,2915,2902,2899,2914,2878,2835,2828,2837,2785,2751,2721,2735,2775,2759,2736,2722,2642,2611,2540,2529,2496,2422,2374,2322,2301,2298,2282,2229,2230,2243,2254,2221,2190,2125,2073,2077,2082,2089,2050,2008,1980,1965,1936,1913,1903,1905,1949,1919,1899,1867,1852,1856,1814,1803,1806,1741,1739,1711,1730,1708,1706,1700,1708,1720,1701,1700,1662,1625,1615,1593,1570,1597,1601,1573,1568,1586,1582,1566,1581,1568,1582,1559,1593,1568,1565,1500,1532,1520,1524,1533,1558,1516,1537,1529,1551,1573,1562,1557,1529,1517,1535,1552,1574,1553,1583,1639,1634,1615,1631,1587,1632,1633,1629,1634,1613,1651,1651,1663,1695,1684,1668,1690,1659,1674,1686,1712,1762,1782,1786,1833,1852,1864,1868,1879
0,0,0,0,0,0,0,0,0,0,0,0,0,0,0,0,0,0,0,0,0,0,0,0,0,0,0,0,0,0,0,0,0,0,0,0,0,0,0,0,0,0,0,0,0,0,0,0,0,0,0,0,0,0,0,0,0,0,0,0,0,0,0,0,0,0,0,0,0,0,0,0,0,0,0,0,0,0,0,0,0,0,0,0,0,0,0,0,0,0,0,0,0,0,0,0,0,0,0,0,0,0,0,0,0,0,0,0,0,0,0,0,0,0,0,0,0,0,0,0,0,0,0,0,0,0,0,0,0,0,0,0,0,0,0,0,0,0,0,0,0,0,0,0,0,0,0,0,0,0,0,0,0,0,0,0,0,0,0,0,0,0,0,0,0,0,0,0,0,0,0,0,0,0,0,0,0,0,0,0,0,0,0,0,0,0,0,0,0,0,0,0,0,0,0,0,0,0,0,0,0,0,0,0,0,0,0,0,0,0,0,0,0,0,0,0,0,0,0,0,0,0,0,0,0,0,0,0,0,0,0,0,0,0,0,0,0,0,0,0,0,0,0,0,0,0,0,0,0,0,0,0,0,0,0,0,0,0,0,0,0,0,0,0,0,0,0,0,0,0,0,0,0,0,0,0,0,0,0,0,0,0,0,0,0,0,0,0,0,0,0,0,0,0,0,0,0,0,0,0,0,0,0,0,0,0,1,2,2,2,2,1,0,0,1,0,0,0,1,1,1,0,0,0,0,0,0,0,0,1,2,2,2,3,3,3,3,2,2,2,2,4,2,3,3,6,5,4,4,5,4,2,3,3,3,3,3,3,3,3,3,3,3,3,4,3,3,6,6,6,8,8,7,8,10,9,13,12,16,19,16,20,18,17,16,17,22,20,20,21,20,18,19,21,27,23,27,28,30,33,40,40,31,33,28,35,36,37,38,42,53,64,61,71,82,92,90,94,92,93,100,103,103,108,108,109,112,127,134,137,141,149,157,140,136,135,137,128,129,131,131,152,158,153,166,178,187,184,197,197,208,222,224,234,230,269,274,273,275,279,298,302,310,326,322,355,354,351,359,368,381,408,430,448,422,434,440,445,453,452,444,463,482,494,514,524,527,527,522,554,573,589,610,641,615,628,645,626,622,622,639,660,673,690,710,719,740,763,782,790,804,823,815,854,888,904,913,908,923,932,944,993,1002,1010,1044,1016,1058,1047,1056,1067,1104,1130,1132,1151,1149,1153,1167,1157,1163,1181,1228,1278,1260,1267,1288,1301,1265,1294,1333,1362,1364,1363,1408,1424,1449,1443,1494,1554,1585,1603,1625,1655,1709,1728,1753,1786,1848,1871,1906,1936,2048,2154,2133,2125,2169,2161,2186,2150,2218,2283,2321,2339,2344,2396,2404,2443,2483,2520,2554,2622,2654,2653,2722,2728,2730,2801,2830,2876,2921,2936,2993,3033,3125,3134,3148,3150,3180,3246,3230,3213,3234,3272,3290,3331,3356,3343,3378,3432,3477,3464,3457,3428,3459,3416,3375,3377,3397,3439,3413,3377,3424,3410,3444,3454,3464,3448,3451,3400,3381,3365,3369,3347,3369,3332,3303,3324,3337,3325,3348,3334,3336,3286,3335,3317,3289,3246,3241,3233,3180,3152,3139,3167,3139,3126,3063,3065,3011,2989,2954,2934,2892,2835,2811,2718,2718,2685,2710,2715,2658,2646,2649,2624,2601,2584,2515,2523,2485,2422,2404,2436,2391,2345,2321,2267,2240,2194,2208,2200,2199,2165,2180,2114,2091,2090,2045,2074,2070,2029,2026,2031,2054,2072,2049,2013,1990,1993,2014,1944,1908,1863,1835,1808,1778,1729,1685,1666,1644,1644,1633,1626,1641,1654,1638,1655,1660,1666,1628,1611,1600,1588,1614,1603,1620,1605,1570,1594,1625,1652,1647,1645,1600,1573,1573,1553,1556,1560,1519,1539,1562,1525,1530,1517,1573,1586,1618,1649,1633,1616,1616,1578,1597,1606,1622,1652,1670,1679,1706,1709,1716,1689,1700,1726,1694,1697,1703,1740,1748,1730,1683,1718,1787,1789,1834,1836,1828,1854,1873,1869,1895,1945
0,0,0,0,0,0,0,0,0,0,0,0,0,0,0,0,0,0,0,0,0,0,0,0,0,0,0,0,0,0,0,0,0,0,0,0,0,0,0,0,0,0,0,0,0,0,0,0,0,0,0,0,0,0,0,0,0,0,0,0,0,0,0,0,0,0,0,0,0,0,0,0,0,0,0,0,0,0,0,0,0,0,0,0,0,0,0,0,0,0,0,0,0,0,0,0,0,0,0,0,0,0,0,0,0,0,0,0,0,0,0,0,0,0,0,0,0,0,0,0,0,0,0,0,0,0,0,0,0,0,0,0,0,0,0,0,0,0,0,0,0,0,0,0,0,0,0,0,0,0,0,0,0,0,0,0,0,0,0,0,0,0,0,0,0,0,0,0,0,0,0,0,0,0,0,0,0,0,0,0,0,0,0,0,0,0,0,0,0,0,0,0,0,0,0,0,0,0,0,0,0,0,0,0,0,0,0,0,0,0,0,0,0,0,0,0,0,0,0,0,0,0,0,0,0,0,0,0,0,0,0,0,0,0,0,0,0,0,0,0,0,0,0,0,0,0,0,0,0,0,0,0,0,0,0,0,0,0,0,0,0,0,0,0,0,0,0,0,0,0,0,0,0,0,0,0,0,0,0,0,0,0,0,0,0,0,0,0,0,0,0,0,0,0,0,0,0,0,0,0,0,0,0,0,0,0,0,0,0,0,0,0,0,0,0,0,0,0,0,0,0,0,0,0,1,1,2,1,2,2,2,2,2,1,0,0,1,1,1,1,0,1,2,0,2,2,2,3,2,5,2,4,5,5,6,6,3,4,5,6,7,5,6,10,9,8,8,9,10,8,8,7,7,8,9,13,18,14,14,15,17,18,19,24,28,27,28,26,25,24,19,22,31,30,29,31,30,29,31,32,41,43,42,43,48,50,45,45,43,46,47,58,61,61,67,67,70,86,89,93,99,100,100,101,102,104,115,115,107,110,118,115,114,119,124,135,127,134,137,148,161,162,162,173,189,190,180,186,186,200,207,222,217,222,236,235,236,248,256,272,264,293,302,286,298,318,329,336,345,346,382,389,410,415,419,416,412,437,432,431,447,457,493,512,504,515,551,570,560,571,570,561,586,603,630,645,665,667,667,679,683,722,748,729,727,748,760,766,773,761,788,790,814,844,879,896,900,891,883,917,962,973,995,991,986,998,1028,1037,1051,1062,1078,1108,1148,1140,1142,1167,1212,1218,1233,1240,1288,1292,1289,1334,1371,1349,1349,1372,1396,1423,1407,1422,1457,1489,1555,1557,1597,1597,1597,1653,1686,1700,1732,1787,1787,1775,1838,1898,1969,1970,2029,2070,2084,2113,2149,2172,2211,2252,2278,2317,2363,2427,2439,2481,2517,2544,2544,2578,2658,2724,2812,2812,2869,2858,2923,2948,3009,3004,3083,3071,3114,3111,3178,3209,3209,3228,3265,3305,3300,3324,3385,3393,3387,3424,3415,3482,3460,3452,3365,3395,3348,3345,3373,3371,3405,3479,3494,3486,3508,3523,3469,3397,3468,3516,3519,3549,3545,3526,3521,3472,3459,3447,3492,3461,3465,3458,3422,3416,3352,3316,3306,3357,3346,3329,3359,3296,3251,3271,3273,3292,3297,3232,3199,3156,3073,3091,2979,2998,2978,2920,2890,2849,2836,2817,2814,2810,2775,2754,2724,2708,2652,2636,2614,2565,2592,2507,2505,2496,2482,2457,2473,2449,2404,2357,2323,2319,2332,2330,2325,2299,2239,2196,2185,2197,2185,2149,2166,2143,2108,2012,2031,2053,2010,2016,1985,1944,2006,1963,1885,1874,1846,1829,1791,1811,1781,1748,1729,1685,1704,1658,1661,1663,1659,1683,1678,1699,1656,1640,1626,1604,1631,1616,1593,1608,1583,1578,1626,1631,1666,1658,1662,1654,1676,1645,1633,1694,1691,1704,1665,1708,1725,1719,1710,1701,1696,1706,1696,1731,1750,1759,1731,1699,1666,1672,1660,1681,1687,1645,1658,1677,1703,1701,1715,1712,1707,1711,1743,1755,1801,1827,1843,1878,1894,1895,1926,1941,1962,1955,1945,1910
0,0,0,0,0,0,0,0,0,0,0,0,0,0,0,0,0,0,0,0,0,0,0,0,0,0,0,0,0,0,0,0,0,0,0,0,0,0,0,0,0,0,0,0,0,0,0,0,0,0,0,0,0,0,0,0,0,0,0,0,0,0,0,0,0,0,0,0,0,0,0,0,0,0,0,0,0,0,0,0,0,0,0,0,0,0,0,0,0,0,0,0,0,0,0,0,0,0,0,0,0,0,0,0,0,0,0,0,0,0,0,0,0,0,0,0,0,0,0,0,0,0,0,0,0,0,0,0,0,0,0,0,0,0,0,0,0,0,0,0,0,0,0,0,0,0,0,0,0,0,0,0,0,0,0,0,0,0,0,0,0,0,0,0,0,0,0,0,0,0,0,0,0,0,0,0,0,0,0,0,0,0,0,0,0,0,0,0,0,0,0,0,0,0,0,0,0,0,0,0,0,0,0,0,0,0,0,0,0,0,0,0,0,0,0,0,0,0,0,0,0,0,0,0,0,0,0,0,0,0,0,0,0,0,0,0,0,0,0,0,0,0,0,0,0,0,0,0,0,0,0,0,0,0,0,0,0,0,0,0,0,0,0,0,0,0,0,0,0,0,0,0,0,0,0,0,0,0,0,0,0,0,0,0,0,0,0,0,0,0,0,0,0,0,0,0,0,0,0,0,0,0,0,0,0,0,0,0,0,0,0,0,0,1,1,2,2,1,1,1,2,3,2,2,2,2,2,2,2,1,2,1,1,2,4,4,2,3,4,3,4,3,3,2,1,3,2,2,1,2,0,2,4,3,3,3,3,2,2,2,3,3,3,2,0,2,4,6,7,7,6,6,5,4,6,7,9,13,11,12,12,14,15,15,19,19,22,23,22,26,29,27,25,28,30,33,33,35,36,42,43,45,40,42,47,46,54,54,64,63,64,65,76,73,79,89,93,95,103,103,106,113,118,110,112,124,121,128,132,127,123,119,130,138,147,152,150,162,173,175,161,165,165,166,181,187,192,196,193,189,208,224,225,238,247,263,273,295,296,305,293,327,335,324,346,348,359,371,368,363,349,366,386,404,395,407,417,427,432,436,456,452,482,491,500,515,530,538,560,561,577,582,589,589,605,631,641,644,680,688,695,707,685,683,686,716,724,742,777,794,834,816,826,848,868,866,920,935,972,998,994,979,967,968,984,1009,1068,1081,1095,1112,1112,1106,1119,1115,1137,1112,1129,1171,1207,1208,1234,1234,1256,1247,1281,1291,1334,1330,1369,1368,1366,1390,1413,1417,1427,1457,1501,1564,1550,1575,1604,1690,1713,1714,1755,1786,1801,1872,1920,1985,1993,2039,2081,2125,2126,2182,2191,2209,2308,2367,2403,2430,2481,2490,2502,2510,2588,2618,2640,2659,2735,2762,2794,2794,2795,2873,2927,2950,2998,3032,3071,3102,3116,3141,3191,3223,3227,3249,3277,3358,3332,3371,3382,3414,3408,3500,3507,3506,3487,3566,3572,3534,3530,3495,3531,3556,3575,3538,3537,3546,3506,3527,3556,3583,3541,3539,3504,3523,3458,3472,3480,3471,3395,3408,3374,3366,3362,3393,3446,3455,3447,3370,3365,3332,3280,3232,3239,3186,3162,3153,3139,3063,3067,3075,2981,2957,2895,2928,2925,2874,2853,2804,2792,2772,2738,2672,2663,2691,2685,2672,2643,2654,2647,2615,2571,2544,2509,2466,2465,2420,2472,2432,2377,2388,2361,2351,2312,2296,2280,2300,2283,2246,2207,2179,2151,2190,2207,2149,2139,2137,2130,2121,2110,2064,2082,2033,2019,2016,1999,1965,1931,1876,1822,1796,1768,1770,1730,1751,1745,1756,1741,1725,1705,1692,1649,1700,1710,1714,1691,1673,1639,1653,1629,1613,1583,1581,1589,1610,1622,1615,1581,1576,1569,1618,1623,1627,1641,1647,1665,1653,1620,1615,1635,1634,1644,1656,1654,1645,1618,1600,1583,1611,1581,1611,1598,1607,1630,1641,1659,1683,1662,1653,1617,1619,1693,1737,1748,1760,1811,1839,1843,1864,1875,1885,1897,1885,1873,1883,1929,1950
0,0,0,0,0,0,0,0,0,0,0,0,0,0,0,0,0,0,0,0,0,0,0,0,0,0,0,0,0,0,0,0,0,0,0,0,0,0,0,0,0,0,0,0,0,0,0,0,0,0,0,0,0,0,0,0,0,0,0,0,0,0,0,0,0,0,0,0,0,0,0,0,0,0,0,0,0,0,0,0,0,0,0,0,0,0,0,0,0,0,0,0,0,0,0,0,0,0,0,0,0,0,0,0,0,0,0,0,0,0,0,0,0,0,0,0,0,0,0,0,0,0,0,0,0,0,0,0,0,0,0,0,0,0,0,0,0,0,0,0,0,0,0,0,0,0,0,0,0,0,0,0,0,0,0,0,0,0,0,0,0,0,0,0,0,0,0,0,0,0,0,0,0,0,0,0,0,0,0,0,0,0,0,0,0,0,0,0,0,0,0,0,0,0,0,0,0,0,0,0,0,0,0,0,0,0,0,0,0,0,0,0,0,0,0,0,0,0,0,0,0,0,0,0,0,0,0,0,0,0,0,0,0,0,0,0,0,0,0,0,0,0,0,0,0,0,0,0,0,0,0,0,0,0,0,0,0,0,0,0,0,0,0,0,0,0,0,0,0,0,0,0,0,0,0,0,0,0,0,0,0,0,0,0,0,0,0,0,0,0,0,0,0,0,0,0,0,0,0,0,0,0,0,0,0,1,1,2,2,1,1,1,1,1,1,0,0,0,1,0,0,0,1,1,1,1,2,1,1,2,2,2,2,3,3,3,1,1,1,1,1,2,0,1,1,2,3,4,4,4,4,3,5,4,4,3,3,4,6,5,6,7,9,9,9,7,9,9,13,9,12,12,13,14,14,13,13,12,15,18,22,25,21,21,27,25,25,24,21,21,19,27,24,29,27,26,26,28,27,27,32,30,34,41,36,41,43,45,46,46,49,50,54,58,56,58,67,74,74,73,76,82,93,100,101,102,98,108,100,108,110,123,124,130,129,132,135,129,119,128,126,140,155,176,189,189,186,184,188,199,201,202,231,224,229,262,263,269,276,284,293,300,302,324,323,326,319,311,315,333,351,368,381,392,397,403,402,418,443,450,463,480,504,485,494,520,521,530,521,526,533,537,552,555,580,591,597,597,626,617,626,657,642,678,700,713,715,735,748,749,751,765,792,787,802,852,861,867,877,880,881,890,890,907,959,976,991,1021,1034,1027,1066,1077,1067,1085,1070,1101,1102,1119,1138,1171,1213,1246,1273,1291,1289,1282,1296,1334,1363,1363,1409,1425,1443,1467,1490,1535,1556,1579,1606,1634,1638,1636,1667,1666,1724,1759,1738,1801,1855,1923,1927,1967,2027,2017,2025,2053,2088,2134,2137,2160,2203,2260,2268,2334,2319,2336,2387,2439,2460,2538,2571,2562,2598,2640,2660,2725,2794,2846,2879,2924,2985,3022,3050,3033,3125,3133,3161,3175,3191,3212,3221,3221,3228,3224,3243,3261,3305,3277,3274,3292,3322,3291,3278,3277,3320,3354,3395,3396,3359,3348,3319,3336,3297,3273,3230,3230,3255,3228,3199,3252,3261,3286,3290,3233,3215,3194,3212,3194,3201,3163,3111,3128,3090,3097,3044,3025,3062,3060,3005,2999,2914,2915,2907,2910,2866,2865,2843,2852,2807,2799,2713,2726,2696,2669,2603,2562,2512,2480,2521,2497,2463,2427,2405,2353,2334,2339,2339,2340,2337,2293,2240,2217,2209,2166,2127,2136,2108,2106,2112,2143,2099,2128,2109,2081,2066,2058,2056,2061,2017,1978,1964,1984,1950,1893,1899,1881,1870,1859,1829,1802,1733,1685,1680,1640,1640,1618,1606,1598,1606,1601,1623,1609,1586,1531,1508,1521,1540,1543,1559,1583,1597,1590,1577,1554,1544,1570,1561,1568,1542,1568,1562,1562,1540,1562,1573,1547,1548,1574,1548,1573,1562,1519,1492,1497,1530,1540,1547,1543,1552,1569,1571,1547,1607,1592,1581,1577,1597,1597,1639,1618,1565,1589,1627,1681,1744,1742,1759,1759,1752,1763,1793,1810,1792,1778,1840,1860,1881,1867,1895,1876
0,0,0,0,0,0,0,0,0,0,0,0,0,0,0,0,0,0,0,0,0,0,0,0,0,0,0,0,0,0,0,0,0,0,0,0,0,0,0,0,0,0,0,0,0,0,0,0,0,0,0,0,0,0,0,0,0,0,0,0,0,0,0,0,0,0,0,0,0,0,0,0,0,0,0,0,0,0,0,0,0,0,0,0,0,0,0,0,0,0,0,0,0,0,0,0,0,0,0,0,0,0,0,0,0,0,0,0,0,0,0,0,0,0,0,0,0,0,0,0,0,0,0,0,0,0,0,0,0,0,0,0,0,0,0,0,0,0,0,0,0,0,0,0,0,0,0,0,0,0,0,0,0,0,0,0,0,0,0,0,0,0,0,0,0,0,0,0,0,0,0,0,0,0,0,0,0,0,0,0,0,0,0,0,0,0,0,0,0,0,0,0,0,0,0,0,0,0,0,0,0,0,0,0,0,0,0,0,0,0,0,0,0,0,0,0,0,0,0,0,0,0,0,0,0,0,0,0,0,0,0,0,0,0,0,0,0,0,0,0,0,0,0,0,0,0,0,0,0,0,0,0,0,0,0,0,0,0,0,0,0,0,0,0,0,0,0,0,0,0,0,0,0,0,0,0,0,0,0,0,0,0,0,0,0,0,0,0,0,0,0,0,0,0,0,0,0,0,0,0,0,0,0,0,0,0,0,0,0,0,1,1,1,2,2,2,1,1,1,1,2,1,1,0,0,0,0,0,0,0,0,1,1,1,1,0,1,2,2,2,2,3,4,5,5,4,4,4,4,4,5,4,3,4,4,4,7,6,5,5,4,5,5,6,4,6,6,2,2,3,3,3,4,4,7,9,12,12,12,13,16,18,18,18,22,20,25,29,27,26,32,33,37,31,28,28,28,29,32,33,31,37,36,28,30,31,34,38,42,43,56,72,74,72,87,92,102,106,111,117,122,118,110,112,111,115,118,117,125,121,129,125,124,128,127,144,148,153,157,162,166,177,178,180,191,196,188,197,201,218,211,215,226,236,249,277,271,283,306,301,298,304,320,330,331,344,352,359,370,378,398,414,408,432,437,444,460,474,492,490,476,479,499,511,504,512,533,545,567,573,583,591,605,626,644,643,645,669,677,687,738,742,754,763,779,770,789,806,808,813,810,859,825,837,859,860,852,892,919,924,941,969,987,989,994,1023,1009,1028,1053,1066,1066,1092,1094,1094,1113,1108,1134,1172,1191,1224,1230,1253,1301,1333,1352,1366,1368,1397,1417,1429,1477,1508,1495,1520,1496,1544,1559,1574,1644,1715,1766,1752,1780,1802,1798,1850,1851,1892,1957,2000,2067,2099,2135,2201,2240,2248,2329,2375,2392,2432,2453,2464,2451,2496,2541,2580,2571,2575,2626,2653,2708,2789,2849,2861,2903,2952,3043,3098,3094,3107,3202,3186,3259,3281,3253,3265,3303,3346,3419,3489,3505,3450,3478,3455,3508,3505,3516,3559,3602,3590,3608,3587,3614,3594,3609,3657,3684,3697,3675,3633,3611,3536,3567,3571,3569,3562,3557,3589,3570,3585,3553,3556,3591,3571,3555,3503,3444,3444,3481,3467,3425,3403,3405,3368,3296,3258,3305,3260,3253,3190,3168,3179,3181,3117,3103,3101,3091,3112,3088,3019,2987,2954,2929,2873,2868,2811,2767,2748,2777,2762,2748,2763,2756,2724,2651,2617,2632,2591,2589,2525,2513,2496,2486,2453,2399,2361,2312,2245,2234,2236,2253,2214,2200,2165,2152,2132,2126,2105,2121,2106,2064,2061,2049,2023,1962,1940,1910,1838,1862,1848,1858,1831,1781,1755,1747,1728,1782,1750,1725,1725,1709,1699,1666,1666,1674,1679,1681,1680,1676,1703,1667,1665,1679,1705,1717,1754,1710,1678,1674,1671,1663,1646,1647,1643,1652,1626,1590,1639,1662,1695,1671,1682,1662,1671,1668,1651,1680,1704,1707,1738,1737,1765,1725,1699,1711,1721,1741,1747,1733,1727,1726,1741,1740,1756,1773,1796,1830,1850,1879,1879,1889,1907,1924,1888,1916,1903,1906,1933,1980,2019
0,0,0,0,0,0,0,0,0,0,0,0,0,0,0,0,0,0,0,0,0,0,0,0,0,0,0,0,0,0,0,0,0,0,0,0,0,0,0,0,0,0,0,0,0,0,0,0,0,0,0,0,0,0,0,0,0,0,0,0,0,0,0,0,0,0,0,0,0,0,0,0,0,0,0,0,0,0,0,0,0,0,0,0,0,0,0,0,0,0,0,0,0,0,0,0,0,0,0,0,0,0,0,0,0,0,0,0,0,0,0,0,0,0,0,0,0,0,0,0,0,0,0,0,0,0,0,0,0,0,0,0,0,0,0,0,0,0,0,0,0,0,0,0,0,0,0,0,0,0,0,0,0,0,0,0,0,0,0,0,0,0,0,0,0,0,0,0,0,0,0,0,0,0,0,0,0,0,0,0,0,0,0,0,0,0,0,0,0,0,0,0,0,0,0,0,0,0,0,0,0,0,0,0,0,0,0,0,0,0,0,0,0,0,0,0,0,0,0,0,0,0,0,0,0,0,0,0,0,0,0,0,0,0,0,0,0,0,0,0,0,0,0,0,0,0,0,0,0,0,0,0,0,0,0,0,0,0,0,0,0,0,0,0,0,0,0,0,0,0,0,0,0,0,0,0,0,0,0,0,0,0,0,0,0,0,0,0,0,0,0,0,0,0,0,0,0,0,0,0,0,0,0,0,0,0,0,0,0,0,0,0,0,0,0,0,0,0,2,1,1,1,1,1,1,0,0,1,0,1,1,0,1,1,1,0,1,1,1,1,2,2,1,2,3,3,3,3,3,2,2,2,2,3,2,3,4,2,5,6,9,6,6,7,8,7,7,7,8,10,11,10,9,6,8,5,9,12,14,14,12,17,15,19,14,15,16,19,20,24,23,26,28,32,31,33,29,33,32,38,38,40,43,44,45,50,49,60,66,70,71,71,76,78,84,85,76,75,95,87,92,88,90,95,94,97,90,97,98,99,108,109,114,118,119,133,151,152,155,167,169,167,182,191,190,181,191,201,205,213,207,216,210,216,210,230,242,238,263,272,273,280,311,310,308,311,326,327,339,347,340,356,381,372,381,385,403,429,455,443,453,460,466,508,512,498,512,545,552,577,587,603,598,595,599,620,622,621,649,683,683,702,711,728,740,730,718,757,747,769,793,800,826,837,847,867,871,868,883,923,952,969,995,1026,1060,1045,1060,1067,1066,1108,1118,1088,1069,1066,1088,1080,1135,1152,1142,1177,1160,1178,1229,1215,1274,1296,1327,1353,1375,1394,1391,1399,1401,1416,1475,1504,1523,1544,1563,1568,1610,1638,1649,1677,1694,1694,1702,1748,1793,1855,1893,1940,2018,2065,2096,2111,2181,2177,2252,2293,2322,2367,2349,2448,2429,2440,2407,2468,2502,2573,2626,2720,2758,2797,2852,2857,2948,2972,2940,2935,2997,2995,3031,3062,3053,3138,3186,3179,3215,3211,3211,3277,3302,3275,3317,3337,3414,3439,3466,3500,3492,3463,3489,3459,3546,3512,3440,3410,3481,3437,3407,3436,3418,3483,3465,3450,3476,3475,3458,3499,3406,3375,3374,3437,3406,3386,3352,3331,3277,3285,3274,3303,3314,3284,3271,3264,3236,3218,3145,3138,3124,3123,3099,3052,3072,3066,3044,3035,3002,2982,2974,2915,2856,2793,2763,2701,2639,2605,2633,2608,2529,2565,2555,2559,2567,2600,2563,2539,2465,2405,2333,2259,2283,2290,2195,2195,2159,2116,2131,2148,2140,2145,2158,2160,2108,2076,2068,2029,2054,2032,2051,2032,2057,2068,2073,2021,1980,1943,1877,1847,1846,1809,1807,1763,1723,1691,1670,1690,1697,1674,1654,1683,1664,1678,1659,1649,1614,1622,1623,1638,1598,1621,1649,1664,1677,1685,1652,1625,1645,1657,1676,1665,1668,1637,1644,1627,1609,1586,1592,1621,1660,1637,1641,1674,1661,1678,1659,1631,1628,1637,1631,1651,1647,1610,1610,1629,1603,1634,1605,1625,1633,1636,1648,1661,1680,1717,1720,1727,1768,1755,1807,1834,1878,1853,1868,1914,1900,1851,1930,1969
0,0,0,0,0,0,0,0,0,0,0,0,0,0,0,0,0,0,0,0,0,0,0,0,0,0,0,0,0,0,0,0,0,0,0,0,0,0,0,0,0,0,0,0,0,0,0,0,0,0,0,0,0,0,0,0,0,0,0,0,0,0,0,0,0,0,0,0,0,0,0,0,0,0,0,0,0,0,0,0,0,0,0,0,0,0,0,0,0,0,0,0,0,0,0,0,0,0,0,0,0,0,0,0,0,0,0,0,0,0,0,0,0,0,0,0,0,0,0,0,0,0,0,0,0,0,0,0,0,0,0,0,0,0,0,0,0,0,0,0,0,0,0,0,0,0,0,0,0,0,0,0,0,0,0,0,0,0,0,0,0,0,0,0,0,0,0,0,0,0,0,0,0,0,0,0,0,0,0,0,0,0,0,0,0,0,0,0,0,0,0,0,0,0,0,0,0,0,0,0,0,0,0,0,0,0,0,0,0,0,0,0,0,0,0,0,0,0,0,0,0,0,0,0,0,0,0,0,0,0,0,0,0,0,0,0,0,0,0,0,0,0,0,0,0,0,0,0,0,0,0,0,0,0,0,0,0,0,0,0,0,0,0,0,0,0,0,0,0,0,0,0,0,0,0,0,0,0,0,0,0,0,0,0,0,0,0,0,0,0,0,0,0,0,0,0,0,0,0,0,0,0,0,0,1,1,1,2,3,1,1,1,1,1,1,1,2,1,1,1,1,1,1,1,1,1,1,2,2,2,2,2,3,2,3,4,4,4,4,3,3,3,4,2,2,3,4,3,3,2,3,1,2,3,4,4,5,6,6,6,5,5,7,6,6,9,10,10,10,11,13,12,15,15,12,12,11,14,13,16,16,20,24,20,19,20,23,23,20,20,16,18,20,15,20,17,18,21,23,27,30,26,23,27,35,38,42,50,52,59,61,65,65,62,70,82,83,80,77,84,93,92,106,112,113,105,110,115,117,121,125,133,138,137,136,140,150,160,158,167,175,183,189,187,189,188,193,212,223,216,203,204,221,235,246,246,255,271,283,311,307,318,335,323,328,332,345,345,369,373,392,401,406,403,403,429,439,443,483,484,495,510,489,510,537,553,561,568,578,613,603,620,623,634,626,623,653,659,688,684,676,689,698,673,654,676,705,724,772,786,805,827,836,848,852,862,877,888,872,923,952,980,996,988,1022,1028,1035,1033,1025,1071,1099,1098,1098,1119,1160,1192,1202,1232,1235,1245,1272,1293,1287,1286,1300,1303,1329,1338,1391,1418,1407,1420,1435,1435,1487,1468,1523,1588,1626,1678,1707,1777,1792,1782,1784,1797,1839,1905,1926,1966,1986,2034,2103,2096,2132,2161,2210,2240,2251,2249,2294,2276,2312,2359,2391,2435,2485,2509,2566,2593,2642,2660,2696,2728,2755,2817,2859,2948,2924,3014,3063,2991,3005,3026,3073,3136,3171,3197,3207,3297,3360,3355,3342,3336,3389,3394,3460,3443,3422,3409,3477,3487,3459,3472,3441,3437,3468,3437,3415,3386,3395,3413,3394,3423,3387,3439,3409,3405,3427,3429,3432,3458,3482,3457,3445,3409,3365,3360,3313,3304,3316,3304,3302,3247,3203,3180,3200,3224,3163,3104,3087,3057,3031,3078,3037,3050,3037,2993,2987,2964,2934,2957,2907,2837,2810,2798,2772,2707,2719,2642,2626,2582,2598,2587,2604,2530,2471,2441,2374,2373,2327,2321,2288,2264,2247,2224,2199,2167,2135,2122,2134,2103,2082,2054,2037,2043,2005,2023,1993,2026,2001,1988,1975,2002,1973,1959,1926,1899,1886,1844,1842,1820,1807,1780,1754,1736,1730,1723,1735,1758,1712,1711,1697,1686,1715,1702,1692,1676,1638,1633,1619,1654,1640,1635,1580,1582,1573,1556,1575,1577,1589,1565,1563,1571,1531,1541,1516,1531,1550,1515,1513,1515,1516,1525,1521,1571,1543,1565,1573,1597,1597,1638,1657,1657,1657,1632,1614,1640,1611,1622,1657,1697,1709,1719,1706,1728,1747,1762,1788,1806,1794,1775,1787,1832,1885,1868,1917,1950,1937,1925
0,0,0,0,0,0,0,0,0,0,0,0,0,0,0,0,0,0,0,0,0,0,0,0,0,0,0,0,0,0,0,0,0,0,0,0,0,0,0,0,0,0,0,0,0,0,0,0,0,0,0,0,0,0,0,0,0,0,0,0,0,0,0,0,0,0,0,0,0,0,0,0,0,0,0,0,0,0,0,0,0,0,0,0,0,0,0,0,0,0,0,0,0,0,0,0,0,0,0,0,0,0,0,0,0,0,0,0,0,0,0,0,0,0,0,0,0,0,0,0,0,0,0,0,0,0,0,0,0,0,0,0,0,0,0,0,0,0,0,0,0,0,0,0,0,0,0,0,0,0,0,0,0,0,0,0,0,0,0,0,0,0,0,0,0,0,0,0,0,0,0,0,0,0,0,0,0,0,0,0,0,0,0,0,0,0,0,0,0,0,0,0,0,0,0,0,0,0,0,0,0,0,0,0,0,0,0,0,0,0,0,0,0,0,0,0,0,0,0,0,0,0,0,0,0,0,0,0,0,0,0,0,0,0,0,0,0,0,0,0,0,0,0,0,0,0,0,0,0,0,0,0,0,0,0,0,0,0,0,0,0,0,0,0,0,0,0,0,0,0,0,0,0,0,0,0,0,0,0,0,0,0,0,0,0,0,0,0,0,0,0,0,0,0,0,0,0,0,0,0,0,0,0,0,0,0,0,0,0,0,0,0,0,0,0,0,0,0,0,1,1,0,0,0,0,0,0,0,0,0,1,1,1,1,1,1,2,2,2,6,5,4,5,5,5,4,5,5,5,2,3,2,2,2,2,3,4,5,4,2,4,4,5,7,6,6,7,6,8,10,7,8,14,11,11,14,14,16,15,13,13,16,18,21,24,23,23,26,27,24,25,22,26,23,26,27,29,33,34,40,45,49,46,49,50,49,45,56,64,62,69,74,85,84,80,69,74,85,88,91,102,109,112,118,112,111,112,135,146,137,136,121,122,121,133,148,148,146,154,153,158,158,161,167,167,170,189,174,179,202,213,221,231,249,250,267,281,269,287,288,303,319,336,339,351,347,354,359,355,375,386,385,385,408,433,427,441,456,486,500,483,496,516,534,529,553,564,555,567,602,607,592,623,654,641,645,642,631,635,647,665,677,699,743,749,745,751,770,781,806,811,825,850,872,860,887,906,891,925,950,937,978,994,1010,1017,1029,1036,1040,1040,1085,1084,1117,1159,1174,1185,1204,1197,1226,1262,1298,1332,1314,1328,1320,1310,1316,1347,1364,1450,1435,1437,1441,1445,1447,1497,1472,1533,1575,1628,1618,1655,1701,1759,1805,1838,1829,1884,1951,1991,2051,2097,2121,2108,2116,2136,2176,2224,2255,2297,2349,2401,2436,2435,2439,2467,2514,2543,2619,2619,2682,2735,2750,2765,2808,2798,2862,2970,3031,3065,3041,3053,3058,3104,3145,3220,3249,3285,3240,3234,3264,3307,3355,3398,3346,3373,3408,3406,3447,3424,3438,3479,3466,3492,3434,3457,3455,3457,3415,3405,3467,3436,3448,3400,3404,3418,3450,3500,3512,3519,3517,3526,3493,3506,3486,3437,3441,3480,3457,3408,3401,3407,3325,3387,3345,3345,3313,3275,3219,3221,3197,3206,3196,3151,3160,3137,3105,3117,3063,3075,3033,2996,2990,2948,2925,2876,2842,2815,2787,2773,2804,2773,2780,2717,2671,2614,2572,2576,2577,2499,2485,2472,2463,2440,2400,2358,2335,2334,2277,2261,2267,2213,2182,2142,2160,2107,2056,2062,2043,2069,2056,2058,2036,1989,1994,1911,1895,1914,1906,1915,1918,1916,1872,1880,1846,1802,1780,1726,1728,1721,1741,1696,1697,1686,1666,1659,1699,1678,1644,1609,1612,1665,1649,1653,1666,1683,1690,1677,1670,1671,1687,1687,1650,1677,1661,1655,1596,1622,1658,1657,1631,1608,1588,1582,1600,1629,1597,1604,1615,1636,1607,1611,1655,1630,1649,1688,1641,1670,1651,1642,1666,1678,1712,1718,1741,1733,1740,1747,1736,1756,1762,1757,1785,1815,1840,1906,1924,1934,1981,1997,1977
0,0,0,0,0,0,0,0,0,0,0,0,0,0,0,0,0,0,0,0,0,0,0,0,0,0,0,0,0,0,0,0,0,0,0,0,0,0,0,0,0,0,0,0,0,0,0,0,0,0,0,0,0,0,0,0,0,0,0,0,0,0,0,0,0,0,0,0,0,0,0,0,0,0,0,0,0,0,0,0,0,0,0,0,0,0,0,0,0,0,0,0,0,0,0,0,0,0,0,0,0,0,0,0,0,0,0,0,0,0,0,0,0,0,0,0,0,0,0,0,0,0,0,0,0,0,0,0,0,0,0,0,0,0,0,0,0,0,0,0,0,0,0,0,0,0,0,0,0,0,0,0,0,0,0,0,0,0,0,0,0,0,0,0,0,0,0,0,0,0,0,0,0,0,0,0,0,0,0,0,0,0,0,0,0,0,0,0,0,0,0,0,0,0,0,0,0,0,0,0,0,0,0,0,0,0,0,0,0,0,0,0,0,0,0,0,0,0,0,0,0,0,0,0,0,0,0,0,0,0,0,0,0,0,0,0,0,0,0,0,0,0,0,0,0,0,0,0,0,0,0,0,0,0,0,0,0,0,0,0,0,0,0,0,0,0,0,0,0,0,0,0,0,0,0,0,0,0,0,0,0,0,0,0,0,0,0,0,0,0,0,0,0,0,0,0,0,0,0,0,0,0,0,0,0,0,0,1,1,1,1,1,1,1,1,1,1,1,1,1,2,1,1,1,1,1,3,3,2,1,1,1,2,2,1,0,0,0,2,2,3,4,3,3,3,2,3,3,4,6,4,3,4,5,5,8,7,8,8,7,6,7,8,8,8,9,9,8,10,9,9,14,14,15,16,15,17,18,22,21,21,20,19,23,26,25,24,27,24,28,27,29,30,30,28,29,31,34,36,40,43,44,44,39,41,42,52,51,58,55,61,56,58,66,65,67,66,70,70,80,86,89,96,101,103,116,113,117,114,110,115,117,120,126,134,132,124,133,132,129,144,157,156,181,191,198,193,193,198,206,203,212,229,236,236,262,271,270,279,288,291,306,316,316,333,352,361,365,382,368,364,379,369,379,402,417,451,438,433,436,449,458,474,476,483,494,505,502,513,534,567,552,547,573,582,620,639,632,644,661,676,663,675,697,703,723,709,711,730,748,761,788,787,788,811,857,892,865,878,906,921,930,935,959,1001,1010,1018,1004,989,981,1005,1037,1074,1097,1080,1110,1175,1154,1151,1224,1208,1247,1304,1311,1296,1348,1399,1441,1447,1445,1418,1411,1405,1413,1425,1445,1478,1559,1593,1583,1607,1668,1704,1734,1779,1773,1797,1839,1892,1951,1991,2074,2042,2052,2044,2099,2145,2226,2264,2270,2276,2302,2340,2332,2382,2402,2478,2502,2528,2539,2600,2613,2679,2693,2721,2732,2733,2773,2851,2861,2891,2908,2955,2998,3074,3105,3113,3152,3127,3172,3184,3242,3320,3352,3360,3359,3365,3356,3356,3412,3423,3387,3419,3386,3424,3406,3442,3426,3444,3492,3473,3428,3433,3449,3437,3475,3399,3378,3309,3359,3379,3341,3276,3284,3330,3306,3308,3304,3250,3219,3196,3191,3225,3157,3127,3142,3169,3154,3070,3046,2983,2944,2930,2936,2932,2892,2828,2796,2801,2825,2822,2842,2829,2802,2743,2679,2700,2693,2697,2643,2613,2574,2575,2593,2594,2540,2507,2475,2446,2437,2450,2444,2397,2331,2296,2252,2270,2225,2148,2188,2137,2090,2100,2083,2041,2044,1992,1977,1946,1937,1963,1934,1948,1932,1918,1889,1865,1794,1817,1788,1757,1745,1764,1752,1721,1732,1661,1681,1649,1637,1631,1599,1599,1624,1585,1561,1574,1569,1516,1521,1534,1538,1579,1587,1608,1584,1586,1596,1558,1543,1584,1601,1589,1591,1604,1602,1578,1588,1570,1572,1573,1557,1559,1570,1575,1598,1570,1578,1578,1609,1609,1639,1662,1652,1693,1673,1674,1687,1731,1701,1700,1679,1668,1659,1687,1712,1715,1704,1756,1804,1789,1801,1848,1873,1864,1875,1920,1917,1950,1964
0,0,0,0,0,0,0,0,0,0,0,0,0,0,0,0,0,0,0,0,0,0,0,0,0,0,0,0,0,0,0,0,0,0,0,0,0,0,0,0,0,0,0,0,0,0,0,0,0,0,0,0,0,0,0,0,0,0,0,0,0,0,0,0,0,0,0,0,0,0,0,0,0,0,0,0,0,0,0,0,0,0,0,0,0,0,0,0,0,0,0,0,0,0,0,0,0,0,0,0,0,0,0,0,0,0,0,0,0,0,0,0,0,0,0,0,0,0,0,0,0,0,0,0,0,0,0,0,0,0,0,0,0,0,0,0,0,0,0,0,0,0,0,0,0,0,0,0,0,0,0,0,0,0,0,0,0,0,0,0,0,0,0,0,0,0,0,0,0,0,0,0,0,0,0,0,0,0,0,0,0,0,0,0,0,0,0,0,0,0,0,0,0,0,0,0,0,0,0,0,0,0,0,0,0,0,0,0,0,0,0,0,0,0,0,0,0,0,0,0,0,0,0,0,0,0,0,0,0,0,0,0,0,0,0,0,0,0,0,0,0,0,0,0,0,0,0,0,0,0,0,0,0,0,0,0,0,0,0,0,0,0,0,0,0,0,0,0,0,0,0,0,0,0,0,0,0,0,0,0,0,0,0,0,0,0,0,0,0,0,0,0,0,0,0,0,0,0,0,0,0,0,0,0,0,0,0,1,1,2,1,1,1,1,1,1,1,1,2,1,0,0,0,0,1,0,0,0,1,1,1,2,3,2,2,2,3,2,2,1,1,1,1,2,2,2,2,3,3,3,3,3,4,5,7,6,7,7,7,7,8,9,8,8,8,6,6,4,6,9,8,7,8,7,7,6,10,8,12,14,16,18,18,15,18,22,24,33,31,29,30,27,26,27,28,32,30,35,40,41,36,40,38,45,55,51,47,51,59,62,57,56,61,66,67,73,80,86,93,92,86,92,87,90,87,94,100,112,108,116,114,128,132,129,125,134,134,140,158,159,163,178,176,189,185,187,187,178,188,201,202,210,201,197,217,233,238,238,265,285,277,298,294,293,306,293,297,315,325,329,364,390,401,400,411,412,417,425,441,449,476,481,499,518,535,525,499,520,508,521,556,570,568,572,608,628,633,630,615,616,634,643,681,714,708,715,729,732,721,728,760,806,834,843,858,872,904,884,917,945,966,965,948,987,1003,973,978,1005,992,1006,1046,1065,1083,1129,1154,1174,1230,1231,1250,1285,1279,1300,1309,1282,1325,1305,1302,1329,1339,1330,1353,1331,1371,1401,1423,1491,1554,1622,1625,1661,1682,1654,1731,1796,1844,1829,1880,1907,1918,1972,1970,2038,2026,2015,2050,2096,2135,2159,2218,2233,2281,2342,2434,2480,2513,2499,2563,2579,2620,2666,2644,2690,2771,2828,2874,2855,2916,2932,2964,3028,3072,3080,3079,3121,3140,3140,3149,3175,3171,3181,3267,3306,3367,3370,3411,3435,3409,3390,3445,3456,3478,3499,3516,3500,3486,3544,3531,3456,3456,3402,3354,3341,3346,3353,3337,3361,3392,3375,3395,3397,3410,3401,3440,3390,3395,3403,3437,3442,3398,3358,3412,3433,3420,3374,3359,3334,3282,3232,3177,3180,3207,3173,3106,3102,3128,3111,3057,2971,2924,2882,2901,2882,2854,2866,2815,2742,2685,2664,2640,2649,2613,2624,2678,2683,2657,2595,2550,2489,2418,2443,2425,2415,2357,2318,2312,2281,2316,2292,2219,2222,2228,2165,2167,2147,2149,2130,2098,2075,2055,2058,2027,1977,1919,1918,1867,1893,1855,1820,1804,1795,1794,1779,1777,1779,1772,1787,1782,1793,1800,1761,1754,1714,1699,1708,1684,1698,1679,1682,1621,1656,1636,1643,1615,1585,1608,1553,1557,1598,1632,1604,1578,1599,1590,1583,1571,1590,1565,1566,1589,1575,1552,1551,1605,1597,1614,1603,1591,1589,1626,1587,1575,1548,1532,1554,1561,1576,1568,1594,1653,1641,1668,1642,1678,1706,1726,1727,1758,1748,1721,1746,1781,1845,1893,1886,1916,1911,1968,1983,1960,1971
0,0,0,0,0,0,0,0,0,0,0,0,0,0,0,0,0,0,0,0,0,0,0,0,0,0,0,0,0,0,0,0,0,0,0,0,0,0,0,0,0,0,0,0,0,0,0,0,0,0,0,0,0,0,0,0,0,0,0,0,0,0,0,0,0,0,0,0,0,0,0,0,0,0,0,0,0,0,0,0,0,0,0,0,0,0,0,0,0,0,0,0,0,0,0,0,0,0,0,0,0,0,0,0,0,0,0,0,0,0,0,0,0,0,0,0,0,0,0,0,0,0,0,0,0,0,0,0,0,0,0,0,0,0,0,0,0,0,0,0,0,0,0,0,0,0,0,0,0,0,0,0,0,0,0,0,0,0,0,0,0,0,0,0,0,0,0,0,0,0,0,0,0,0,0,0,0,0,0,0,0,0,0,0,0,0,0,0,0,0,0,0,0,0,0,0,0,0,0,0,0,0,0,0,0,0,0,0,0,0,0,0,0,0,0,0,0,0,0,0,0,0,0,0,0,0,0,0,0,0,0,0,0,0,0,0,0,0,0,0,0,0,0,0,0,0,0,0,0,0,0,0,0,0,0,0,0,0,0,0,0,0,0,0,0,0,0,0,0,0,0,0,0,0,0,0,0,0,0,0,0,0,0,0,0,0,0,0,0,0,0,0,0,0,0,0,0,0,0,0,0,0,0,0,0,0,0,1,1,0,0,0,0,0,0,0,0,0,0,0,0,0,1,1,1,1,1,1,2,0,1,2,2,2,2,2,2,2,3,1,1,1,4,4,4,4,5,4,3,2,1,3,4,4,2,2,3,4,5,6,3,4,6,5,4,4,6,5,6,5,7,7,8,8,9,12,11,14,17,17,17,15,18,14,17,18,17,19,21,23,22,26,26,23,17,21,25,27,32,30,29,34,37,40,41,39,45,50,54,51,47,46,49,52,58,53,68,64,65,76,84,87,102,97,97,101,108,108,106,114,106,110,113,123,124,124,139,141,149,153,157,162,168,173,186,191,211,202,211,210,203,208,228,249,256,258,255,265,280,281,283,300,297,309,337,338,343,344,375,389,392,401,403,405,411,418,416,432,451,461,486,467,463,459,472,472,492,507,510,523,548,556,582,593,641,636,634,654,685,666,680,666,710,727,735,748,753,772,772,768,803,818,842,883,870,881,871,875,889,867,914,955,975,972,984,999,1026,1013,1056,1060,1061,1055,1052,1066,1096,1113,1163,1195,1186,1200,1233,1235,1247,1220,1291,1291,1315,1328,1351,1338,1352,1369,1384,1404,1438,1500,1516,1570,1585,1588,1590,1683,1716,1738,1759,1826,1883,1870,1909,1916,1947,2004,2051,2073,2076,2081,2166,2183,2231,2230,2275,2359,2381,2397,2454,2465,2495,2500,2528,2601,2686,2747,2776,2802,2841,2891,2928,2971,2980,2961,2957,2978,2994,3001,3019,3024,3020,3124,3239,3278,3265,3336,3314,3352,3381,3395,3408,3401,3443,3461,3394,3340,3299,3329,3327,3371,3444,3383,3363,3388,3440,3431,3381,3375,3397,3383,3338,3359,3343,3349,3402,3382,3366,3402,3390,3412,3373,3351,3378,3359,3340,3258,3250,3299,3256,3243,3263,3244,3186,3151,3097,3094,3045,2996,2965,2952,2963,2901,2857,2838,2807,2729,2688,2662,2700,2725,2701,2644,2664,2652,2687,2632,2623,2662,2656,2601,2571,2500,2431,2423,2376,2353,2325,2355,2311,2315,2306,2264,2183,2137,2101,2093,2124,2104,2122,2143,2153,2088,2061,2050,2039,2035,2029,1986,1907,1893,1877,1873,1857,1862,1817,1791,1769,1764,1761,1755,1746,1709,1673,1669,1663,1661,1665,1668,1665,1655,1628,1584,1550,1518,1524,1524,1549,1558,1526,1559,1582,1626,1604,1609,1576,1595,1610,1638,1637,1650,1634,1636,1613,1601,1590,1587,1573,1590,1620,1614,1620,1598,1589,1587,1587,1569,1637,1641,1619,1622,1603,1582,1608,1654,1617,1649,1650,1631,1646,1669,1690,1735,1758,1790,1807,1835,1832,1861,1913,1892,1893,1936,1934,1935
0,0,0,0,0,0,0,0,0,0,0,0,0,0,0,0,0,0,0,0,0,0,0,0,0,0,0,0,0,0,0,0,0,0,0,0,0,0,0,0,0,0,0,0,0,0,0,0,0,0,0,0,0,0,0,0,0,0,0,0,0,0,0,0,0,0,0,0,0,0,0,0,0,0,0,0,0,0,0,0,0,0,0,0,0,0,0,0,0,0,0,0,0,0,0,0,0,0,0,0,0,0,0,0,0,0,0,0,0,0,0,0,0,0,0,0,0,0,0,0,0,0,0,0,0,0,0,0,0,0,0,0,0,0,0,0,0,0,0,0,0,0,0,0,0,0,0,0,0,0,0,0,0,0,0,0,0,0,0,0,0,0,0,0,0,0,0,0,0,0,0,0,0,0,0,0,0,0,0,0,0,0,0,0,0,0,0,0,0,0,0,0,0,0,0,0,0,0,0,0,0,0,0,0,0,0,0,0,0,0,0,0,0,0,0,0,0,0,0,0,0,0,0,0,0,0,0,0,0,0,0,0,0,0,0,0,0,0,0,0,0,0,0,0,0,0,0,0,0,0,0,0,0,0,0,0,0,0,0,0,0,0,0,0,0,0,0,0,0,0,0,0,0,0,0,0,0,0,0,0,0,0,0,0,0,0,0,0,0,0,0,0,0,0,0,0,0,0,0,0,0,0,0,0,0,0,2,2,2,2,2,2,2,2,3,3,3,3,2,2,1,0,0,0,0,0,0,0,0,1,1,1,1,2,3,2,1,1,1,2,2,1,0,0,0,0,1,1,0,0,2,3,2,5,6,4,4,5,5,6,7,5,7,5,7,8,10,9,9,9,10,7,9,7,9,9,8,10,12,15,17,19,21,20,19,18,20,18,19,20,16,18,20,23,25,26,24,22,26,33,41,45,46,49,46,52,51,67,68,70,71,76,70,70,79,90,80,84,101,92,97,97,103,102,112,120,131,125,125,124,131,136,130,134,128,137,141,153,141,144,153,177,178,162,181,188,202,217,225,225,219,219,239,254,252,270,267,268,280,279,265,290,300,316,328,325,322,322,341,352,371,384,386,404,402,425,436,425,437,457,449,472,475,502,515,511,503,515,557,557,569,599,593,609,617,586,601,589,598,639,661,654,685,729,766,760,747,752,787,807,814,839,853,886,890,898,876,878,913,930,961,973,994,1024,1045,1067,1076,1103,1101,1104,1146,1106,1121,1140,1174,1168,1187,1194,1236,1277,1293,1297,1288,1298,1311,1321,1381,1370,1408,1412,1440,1469,1458,1510,1513,1492,1551,1592,1604,1619,1639,1703,1756,1783,1823,1847,1873,1905,1987,1982,2005,2007,2020,2047,2097,2107,2140,2178,2216,2218,2282,2373,2424,2428,2414,2432,2502,2501,2598,2648,2679,2697,2771,2864,2886,2916,2960,2980,3019,3060,3094,3081,3084,3145,3126,3147,3207,3243,3243,3295,3266,3339,3342,3376,3381,3377,3357,3377,3407,3407,3425,3419,3399,3399,3410,3428,3512,3509,3512,3503,3456,3408,3442,3415,3433,3436,3450,3466,3465,3415,3395,3363,3387,3434,3364,3367,3382,3423,3430,3409,3425,3395,3384,3411,3399,3364,3385,3392,3376,3339,3279,3252,3254,3191,3057,2989,2985,2974,3004,2956,2941,2939,2860,2819,2757,2753,2732,2702,2641,2601,2592,2593,2618,2592,2576,2521,2518,2481,2420,2434,2415,2370,2371,2314,2281,2271,2251,2208,2170,2183,2170,2143,2126,2121,2084,2075,2075,2045,2063,2066,2041,2059,2058,2046,2005,1963,1945,1927,1938,1915,1903,1846,1851,1847,1831,1808,1808,1808,1827,1809,1828,1792,1788,1761,1746,1741,1714,1715,1712,1708,1695,1690,1698,1717,1704,1723,1724,1687,1693,1706,1679,1675,1677,1675,1670,1661,1618,1616,1638,1637,1650,1644,1622,1620,1612,1636,1646,1669,1635,1646,1651,1660,1665,1664,1666,1707,1739,1712,1664,1667,1693,1693,1692,1693,1721,1774,1818,1813,1858,1780,1803,1864,1886,1896,1954,1957,1952,1919,1939,1945
0,0,0,0,0,0,0,0,0,0,0,0,0,0,0,0,0,0,0,0,0,0,0,0,0,0,0,0,0,0,0,0,0,0,0,0,0,0,0,0,0,0,0,0,0,0,0,0,0,0,0,0,0,0,0,0,0,0,0,0,0,0,0,0,0,0,0,0,0,0,0,0,0,0,0,0,0,0,0,0,0,0,0,0,0,0,0,0,0,0,0,0,0,0,0,0,0,0,0,0,0,0,0,0,0,0,0,0,0,0,0,0,0,0,0,0,0,0,0,0,0,0,0,0,0,0,0,0,0,0,0,0,0,0,0,0,0,0,0,0,0,0,0,0,0,0,0,0,0,0,0,0,0,0,0,0,0,0,0,0,0,0,0,0,0,0,0,0,0,0,0,0,0,0,0,0,0,0,0,0,0,0,0,0,0,0,0,0,0,0,0,0,0,0,0,0,0,0,0,0,0,0,0,0,0,0,0,0,0,0,0,0,0,0,0,0,0,0,0,0,0,0,0,0,0,0,0,0,0,0,0,0,0,0,0,0,0,0,0,0,0,0,0,0,0,0,0,0,0,0,0,0,0,0,0,0,0,0,0,0,0,0,0,0,0,0,0,0,0,0,0,0,0,0,0,0,0,0,0,0,0,0,0,0,0,0,0,0,0,0,0,0,0,0,0,0,0,0,0,0,0,0,0,0,0,0,1,0,0,0,0,0,0,1,1,1,1,1,0,0,0,0,0,0,0,0,0,0,1,2,3,3,4,2,3,2,2,2,1,1,2,1,1,2,1,2,2,2,2,3,5,4,2,2,2,2,4,4,6,8,6,7,5,6,9,10,12,11,9,7,7,10,11,11,11,11,13,15,13,10,10,13,14,14,20,17,22,25,21,23,25,25,26,29,28,34,34,36,29,34,39,42,45,49,55,60,60,53,57,56,65,64,69,67,65,75,85,96,102,110,118,119,125,120,129,134,134,132,131,143,131,135,137,135,137,140,133,149,153,153,154,158,160,170,188,189,182,196,199,215,223,233,262,253,266,260,268,273,280,294,295,284,289,288,298,320,335,338,343,357,381,397,385,402,419,424,427,433,427,441,466,461,479,492,480,483,486,491,525,530,550,546,558,562,585,591,609,593,602,618,638,684,659,663,682,700,702,708,716,712,745,785,796,816,854,855,874,877,887,921,946,971,979,1016,1066,1095,1088,1092,1089,1089,1063,1071,1117,1140,1185,1210,1197,1219,1237,1253,1284,1277,1307,1342,1328,1340,1351,1361,1374,1378,1420,1448,1515,1571,1560,1572,1558,1566,1592,1606,1655,1674,1754,1810,1895,1897,1902,1938,2010,2016,2041,2096,2094,2142,2189,2183,2219,2238,2306,2344,2409,2449,2462,2498,2540,2575,2583,2584,2616,2677,2731,2755,2767,2827,2906,2925,2953,2984,2980,2970,3040,3083,3125,3178,3207,3229,3226,3254,3302,3324,3345,3378,3357,3423,3370,3449,3504,3464,3504,3530,3512,3532,3491,3450,3448,3420,3440,3447,3440,3482,3475,3501,3488,3456,3454,3436,3388,3398,3444,3425,3442,3507,3489,3484,3463,3460,3449,3464,3501,3483,3437,3372,3390,3331,3293,3262,3285,3282,3292,3268,3256,3195,3162,3067,3047,3088,3029,3015,3000,2993,3003,2940,2852,2823,2784,2750,2751,2749,2764,2740,2699,2680,2715,2688,2686,2652,2602,2592,2509,2500,2451,2404,2401,2344,2324,2291,2302,2285,2234,2231,2222,2193,2177,2144,2168,2124,2099,2096,2132,2152,2159,2121,2115,2091,2087,2078,2074,2075,2024,1925,1939,1925,1888,1889,1816,1803,1818,1800,1764,1730,1722,1695,1724,1721,1732,1726,1739,1728,1683,1633,1634,1651,1613,1617,1625,1607,1603,1602,1617,1638,1649,1596,1627,1611,1575,1609,1609,1617,1624,1642,1628,1617,1625,1608,1621,1602,1614,1608,1567,1585,1617,1596,1643,1710,1736,1707,1719,1692,1711,1733,1706,1683,1681,1717,1717,1755,1760,1783,1783,1781,1794,1788,1792,1813,1854,1862,1864,1888,1961,1971
0,0,0,0,0,0,0,0,0,0,0,0,0,0,0,0,0,0,0,0,0,0,0,0,0,0,0,0,0,0,0,0,0,0,0,0,0,0,0,0,0,0,0,0,0,0,0,0,0,0,0,0,0,0,0,0,0,0,0,0,0,0,0,0,0,0,0,0,0,0,0,0,0,0,0,0,0,0,0,0,0,0,0,0,0,0,0,0,0,0,0,0,0,0,0,0,0,0,0,0,0,0,0,0,0,0,0,0,0,0,0,0,0,0,0,0,0,0,0,0,0,0,0,0,0,0,0,0,0,0,0,0,0,0,0,0,0,0,0,0,0,0,0,0,0,0,0,0,0,0,0,0,0,0,0,0,0,0,0,0,0,0,0,0,0,0,0,0,0,0,0,0,0,0,0,0,0,0,0,0,0,0,0,0,0,0,0,0,0,0,0,0,0,0,0,0,0,0,0,0,0,0,0,0,0,0,0,0,0,0,0,0,0,0,0,0,0,0,0,0,0,0,0,0,0,0,0,0,0,0,0,0,0,0,0,0,0,0,0,0,0,0,0,0,0,0,0,0,0,0,0,0,0,0,0,0,0,0,0,0,0,0,0,0,0,0,0,0,0,0,0,0,0,0,0,0,0,0,0,0,0,0,0,0,0,0,0,0,0,0,0,0,0,0,0,0,0,0,0,0,0,0,0,0,0,0,0,0,0,0,0,0,0,0,0,0,0,0,0,0,0,0,0,0,1,1,1,2,2,3,3,2,2,2,2,1,0,1,1,1,0,0,0,1,2,2,2,2,2,2,2,2,1,1,3,2,2,2,4,6,7,6,7,8,6,8,9,6,7,10,10,8,8,10,11,13,15,12,14,14,22,21,21,22,23,20,24,25,27,29,28,31,35,38,41,41,42,37,38,42,46,50,51,52,50,51,53,49,51,53,56,62,69,78,80,89,91,94,94,96,91,92,90,99,114,115,119,110,115,116,125,128,140,135,135,132,146,150,153,147,147,159,166,168,175,185,194,186,196,209,212,228,222,246,263,265,265,278,274,277,272,278,295,301,317,314,330,324,327,356,347,355,341,368,392,403,410,406,417,434,442,448,452,450,462,480,503,523,511,512,551,557,588,595,592,595,630,626,609,621,624,633,639,643,634,659,679,743,781,795,807,828,837,829,878,865,884,866,877,888,889,913,911,940,942,983,1003,1058,1089,1071,1072,1068,1103,1108,1131,1124,1119,1134,1193,1191,1254,1283,1307,1326,1334,1348,1352,1381,1362,1359,1368,1381,1399,1448,1456,1513,1533,1536,1590,1587,1621,1670,1702,1721,1759,1784,1817,1815,1838,1882,1986,2029,1999,2033,1986,2030,2013,2093,2114,2193,2242,2263,2328,2397,2470,2479,2489,2544,2576,2602,2633,2647,2709,2759,2767,2777,2801,2852,2902,2943,2961,3025,3033,3020,3012,3060,3054,3096,3131,3159,3185,3257,3277,3262,3297,3348,3335,3333,3313,3336,3413,3385,3397,3374,3384,3387,3406,3437,3481,3480,3434,3440,3465,3426,3403,3427,3425,3372,3380,3375,3336,3299,3338,3339,3350,3349,3344,3349,3339,3322,3265,3255,3229,3268,3281,3264,3247,3222,3237,3165,3143,3149,3130,3143,3045,2999,2958,2942,2940,2916,2946,2942,2893,2863,2816,2785,2731,2703,2684,2627,2621,2643,2658,2636,2599,2549,2468,2451,2470,2427,2399,2353,2384,2356,2338,2296,2226,2217,2201,2188,2186,2184,2130,2104,2064,2084,2048,2009,2011,1993,2032,1982,1972,1990,1974,1964,1959,1945,1901,1849,1827,1800,1771,1766,1707,1685,1670,1713,1716,1707,1683,1701,1710,1679,1684,1646,1639,1644,1625,1633,1633,1624,1608,1635,1627,1614,1610,1606,1607,1592,1621,1611,1578,1597,1588,1581,1567,1550,1565,1570,1585,1578,1586,1564,1550,1560,1573,1580,1619,1605,1641,1667,1645,1675,1679,1700,1721,1698,1648,1645,1629,1678,1690,1690,1731,1734,1721,1761,1796,1772,1784,1768,1812,1805,1790,1802,1844,1847,1819,1804
